maintenance_number,client,address,full_name,reference_year,service_date,month,source,model_diffuseur,emplacement,parfum,qte_restante,qte_livree,commentaire
014887,Plac'Art,Soukra,Plac'Art Soukra,2025,2025-01-08,1,Controle,Astree,ENTREE,,0,0,
014884,Asteel Flash,Soukra,Asteel Flash Soukra,2025,2025-01-06,1,Controle,,RCC,,0,0,
014884,Asteel Flash,Soukra,Asteel Flash Soukra,2025,2025-01-06,1,Controle,,,,0,0,
014954,AF Collection,Soukra,AF Collection  Soukra,2025,2025-02-05,2,Controle,Astree,"""-1""",RG,0,0,
014954,AF Collection,Soukra,AF Collection  Soukra,2025,2025-02-05,2,Recharge,Astree,"""-1""",RG,0,300,
014970,Dr Fares,Lac2,Dr Fares  Lac2,2025,2025-02-07,2,Controle,Astree,ACCAL,,28,0,
014970,Dr Fares,Lac2,Dr Fares  Lac2,2025,2025-02-07,2,Recharge,Astree,ACCAL,,0,300,
014943,Asteel Flash,Soukra,Asteel Flash Soukra,2025,2025-02-01,2,Controle,Aromair100,B1+1,FE3,0,0,
014943,Asteel Flash,Soukra,Asteel Flash Soukra,2025,2025-02-01,2,Controle,,RDC,,0,0,
014943,Asteel Flash,Soukra,Asteel Flash Soukra,2025,2025-02-01,2,Controle,,B3+1,,0,0,
014943,Asteel Flash,Soukra,Asteel Flash Soukra,2025,2025-02-01,2,Controle,,B2 USIN,,0,0,
014943,Asteel Flash,Soukra,Asteel Flash Soukra,2025,2025-02-01,2,Controle,Aromair100,B1+1,,0,0,
014943,Asteel Flash,Soukra,Asteel Flash Soukra,2025,2025-02-01,2,Controle,,B2WC,,0,0,
014943,Asteel Flash,Soukra,Asteel Flash Soukra,2025,2025-02-01,2,Recharge,Aromair100,B1+1,FE3,0,300,
014943,Asteel Flash,Soukra,Asteel Flash Soukra,2025,2025-02-01,2,Recharge,,RDC,,0,300,
014943,Asteel Flash,Soukra,Asteel Flash Soukra,2025,2025-02-01,2,Recharge,,B3+1,,0,300,
014943,Asteel Flash,Soukra,Asteel Flash Soukra,2025,2025-02-01,2,Recharge,,B2 USIN,,0,300,
014943,Asteel Flash,Soukra,Asteel Flash Soukra,2025,2025-02-01,2,Recharge,Aromair100,B1+1,,0,300,
014943,Asteel Flash,Soukra,Asteel Flash Soukra,2025,2025-02-01,2,Recharge,,B2WC,,0,300,
014899,Pharmacie Victoria,Lac1,Pharmacie Victoria Lac1,2025,2025-01-09,1,Controle,Aromair100,vitrine,,220,0,
014899,Pharmacie Victoria,Lac1,Pharmacie Victoria Lac1,2025,2025-01-09,1,Controle,,,,0,0,
014899,Pharmacie Victoria,Lac1,Pharmacie Victoria Lac1,2025,2025-01-09,1,Recharge,,,,0,300,
014961,716,CUN,716 CUN,2025,2025-01-30,1,Recharge,,étage,,0,300,
014962,Edward's,Soukra,Edward's  Soukra,2025,2025-02-07,2,Controle,Aromair100,RDC,,0,0,
014962,Edward's,Soukra,Edward's  Soukra,2025,2025-02-07,2,Controle,Aromair100,1er,,0,0,
014962,Edward's,Soukra,Edward's  Soukra,2025,2025-02-07,2,Recharge,Aromair100,RDC,,0,300,
014962,Edward's,Soukra,Edward's  Soukra,2025,2025-02-07,2,Recharge,Aromair100,1er,,0,300,
014968,Corail,Lac2,Corail Lac2,2025,2025-02-07,2,Controle,Aromair100,ENTREE,,0,0,
014968,Corail,Lac2,Corail Lac2,2025,2025-02-07,2,Recharge,,,TH,0,300,
014952,Pharmacie Victoria,Lac1,Pharmacie Victoria Lac1,2025,2025-02-05,2,Controle,,,,0,0,
014880,Maison Mme Dridi,Soukra,Maison Mme Dridi Soukra,2025,2025-01-06,1,Controle,Astree,Salon,,80,0,
014940,Business Hotel,Tunis,Business Hotel  Tunis,2025,2025-02-03,2,Controle,Aromair100,reception,,0,0,
014940,Business Hotel,Tunis,Business Hotel  Tunis,2025,2025-02-03,2,Recharge,Aromair100,reception,,0,300,
014896,Business Hotel,Tunis,Business Hotel Tunis,2025,2025-01-09,1,Controle,Aromair100,reception,RG,0,0,
014896,Business Hotel,Tunis,Business Hotel Tunis,2025,2025-01-09,1,Controle,Astree,"""+2""",WJ,35,0,
014896,Business Hotel,Tunis,Business Hotel Tunis,2025,2025-01-09,1,Controle,,+3,,0,0,
014896,Business Hotel,Tunis,Business Hotel Tunis,2025,2025-01-09,1,Controle,,+4,,0,0,
014896,Business Hotel,Tunis,Business Hotel Tunis,2025,2025-01-09,1,Controle,,+5,,0,0,
014896,Business Hotel,Tunis,Business Hotel Tunis,2025,2025-01-09,1,Recharge,Aromair100,reception,RG,0,300,
014896,Business Hotel,Tunis,Business Hotel Tunis,2025,2025-01-09,1,Recharge,Astree,"""+2""",WJ,0,200,
014896,Business Hotel,Tunis,Business Hotel Tunis,2025,2025-01-09,1,Recharge,,+3,,0,300,
014896,Business Hotel,Tunis,Business Hotel Tunis,2025,2025-01-09,1,Recharge,,+4,,0,300,
014896,Business Hotel,Tunis,Business Hotel Tunis,2025,2025-01-09,1,Recharge,,+5,,0,300,
014879,Ambiance D'Autrefois,Sousse,Ambiance D'Autrefois Sousse,2025,2025-01-02,1,Controle,Astree,,,0,0,
014879,Ambiance D'Autrefois,Sousse,Ambiance D'Autrefois Sousse,2025,2025-01-02,1,Recharge,,,,0,300,
014883,Renault Trucks,La Goulette,Renault Trucks La Goulette,2025,2025-01-06,1,Controle,,,,0,0,AJOUT SILENCIEUX
014944,Palma,Soukra,Palma  Soukra,2025,2025-02-01,2,Controle,Astree,Bureau,,0,0,
014944,Palma,Soukra,Palma  Soukra,2025,2025-02-01,2,Recharge,Astree,Bureau,,0,300,
014881,Sogeplan,Raoued,Sogeplan  Raoued,2025,2025-01-10,1,Controle,,,,0,0,
014881,Sogeplan,Raoued,Sogeplan  Raoued,2025,2025-01-10,1,Controle,Iceburg,,,0,0,
014945,Ooredoo DSC,Charguia,Ooredoo DSC Charguia,2025,2025-02-01,2,Controle,Zee300,DT,FM,186,0,
014945,Ooredoo DSC,Charguia,Ooredoo DSC Charguia,2025,2025-02-01,2,Controle,Zee300,BDS,FM,107,0,
014945,Ooredoo DSC,Charguia,Ooredoo DSC Charguia,2025,2025-02-01,2,Recharge,Zee300,DT,FM,0,300,
014945,Ooredoo DSC,Charguia,Ooredoo DSC Charguia,2025,2025-02-01,2,Recharge,,CDS,FM,0,300,
014951,Dr Lobna Khaldi,Ariana,Dr Lobna Khaldi Ariana,2025,2025-02-05,2,Controle,Iceburg,salle d'attente,,29,0,
014951,Dr Lobna Khaldi,Ariana,Dr Lobna Khaldi Ariana,2025,2025-02-05,2,Recharge,Iceburg,salle d'attente,,0,600,
014897,Meuble Fekih,Soukra,Meuble Fekih Soukra,2025,2025-01-13,1,Recharge,,,,0,300,
014946,Pharmacie Victoria,Lac1,Pharmacie Victoria Lac1,2025,2025-02-04,2,Controle,,,,0,0,
014946,Pharmacie Victoria,Lac1,Pharmacie Victoria Lac1,2025,2025-02-04,2,Controle,,,,0,0,
014892,Labo Farah,Riadh Landalous,Labo Farah Riadh Landalous,2025,2025-01-08,1,Controle,,,,0,0,
014892,Labo Farah,Riadh Landalous,Labo Farah Riadh Landalous,2025,2025-01-08,1,Controle,,,LINA (L),0,0,
014892,Labo Farah,Riadh Landalous,Labo Farah Riadh Landalous,2025,2025-01-08,1,Controle,,,,0,0,
014892,Labo Farah,Riadh Landalous,Labo Farah Riadh Landalous,2025,2025-01-08,1,Recharge,,,,0,300,
014892,Labo Farah,Riadh Landalous,Labo Farah Riadh Landalous,2025,2025-01-08,1,Recharge,,,LINA (L),0,120,
014891,Labo Farah,Riadh Landalous,Labo Farah  Riadh Landalous,2025,2025-01-08,1,Controle,Aromair100,ENTREE,,0,0,
014891,Labo Farah,Riadh Landalous,Labo Farah  Riadh Landalous,2025,2025-01-08,1,Controle,,,,0,0,
014891,Labo Farah,Riadh Landalous,Labo Farah  Riadh Landalous,2025,2025-01-08,1,Recharge,,,LINA (L),0,300,
014957,Maison Arous,Ben Arous,Stia Ben Arous Ben Arous,2025,2025-02-06,2,Controle,Astree,,,0,0,
014957,Maison Arous,Ben Arous,Stia Ben Arous Ben Arous,2025,2025-02-06,2,Recharge,,ENTREE,,0,300,
014816,Dar Zarrouk,Sidi Bou Said,Dar Zarrouk  Sidi Bou Said,2025,2025-01-16,1,Controle,,ENTREE,,0,0,
014816,Dar Zarrouk,Sidi Bou Said,Dar Zarrouk  Sidi Bou Said,2025,2025-01-16,1,Controle,Aromair100,ENTREE(G),,98,0,
014816,Dar Zarrouk,Sidi Bou Said,Dar Zarrouk  Sidi Bou Said,2025,2025-01-16,1,Recharge,,ENTREE,,0,300,
014803,Oriflame,Lac3,Oriflame  Lac3,2025,2025-01-13,1,Controle,Astree,ENTREE,RG,972,0,
014803,Oriflame,Lac3,Oriflame  Lac3,2025,2025-01-13,1,Recharge,,,,0,300,
014973,Ooredoo,Charguia,Ooredoo Charguia,2025,2025-02-08,2,Controle,,,,0,0,
014808,Saveurs de Carthage,Jardins Carthage,Saveurs de Carthage Jardin Carthage,2025,2025-01-17,1,Controle,Aromair100,LM,,0,0,
014808,Saveurs de Carthage,Jardins Carthage,Saveurs de Carthage Jardin Carthage,2025,2025-01-17,1,Recharge,,,,0,300,
014964,Cabinet Dr Ellouze,Menzah6,Dr Ellouze Menzah6,2025,2025-02-07,2,Controle,Zee300,ENTREE,,0,0,
014964,Cabinet Dr Ellouze,Menzah6,Dr Ellouze Menzah6,2025,2025-02-07,2,Recharge,Zee300,ENTREE,,0,300,
014971,Buy Luxe,Menzah5,Buy Luxe  Menzah5,2025,2025-02-08,2,Controle,Iceburg,ENTREE,,0,0,
014810,Arena Gym,El Manar,Arena Gym El Manar,2025,2025-01-25,1,Controle,,ENTREE,,0,0,
014810,Arena Gym,El Manar,Arena Gym El Manar,2025,2025-01-25,1,Recharge,,ENTREE,,0,300,
014963,Tuniscount,Soukra,Tuniscount  Soukra,2025,2025-02-01,2,Controle,Astree,"""-1""",FE3,0,0,
014963,Tuniscount,Soukra,Tuniscount  Soukra,2025,2025-02-01,2,Recharge,Astree,"""-1""",FE3,0,300,
014806,Le Golf,Marsa,Le Golf  Marsa,2025,2025-01-19,1,Controle,Aromair100,VCR,,45,0,
014806,Le Golf,Marsa,Le Golf  Marsa,2025,2025-01-19,1,Controle,Aromair100,VCH,,0,0,
014806,Le Golf,Marsa,Le Golf  Marsa,2025,2025-01-19,1,Recharge,Aromair100,VCR,,0,250,
014806,Le Golf,Marsa,Le Golf  Marsa,2025,2025-01-19,1,Recharge,Aromair100,VCR,,0,250,
014978,Zahia,Soukra,Zahia Soukra,2025,2025-02-02,2,Controle,Aromair100,Salon,FO,120,0,
014812,Polyclinique Les Jasmins,CUN,Polyclinique Les Jasmins  CUN,2025,2025-01-18,1,Controle,Astree,Cantin,TB,0,0,
014812,Polyclinique Les Jasmins,CUN,Polyclinique Les Jasmins  CUN,2025,2025-01-18,1,Controle,Astree,PDS,,61,0,
014982,Armani Mall,Lac2,Armani Mall Lac2,2025,2025-02-03,2,Controle,Aromair100,ENTREE,,211,0,
014813,716,CUN,716 CUN,2025,2025-01-18,1,Controle,,ENTREE,,0,0,
014813,716,CUN,716 CUN,2025,2025-01-18,1,Recharge,,ENTREE,,0,300,
014814,Clevory,Charguia,Clevory  Charguia,2025,2025-01-18,1,Controle,Aromair100,ENTREE,CASH,0,0,
014814,Clevory,Charguia,Clevory  Charguia,2025,2025-01-18,1,Recharge,Aromair100,ENTREE,CASH,0,300,
014965,AF Collection,Soukra,AF Collection Menzah4,2025,2025-02-07,2,Controle,Astree,RDC,,288,0,
014965,AF Collection,Soukra,AF Collection Menzah4,2025,2025-02-07,2,Controle,Iceburg,1er,,0,0,
014965,AF Collection,Soukra,AF Collection Menzah4,2025,2025-02-07,2,Controle,Aromair100,WC,,0,0,
014965,AF Collection,Soukra,AF Collection Menzah4,2025,2025-02-07,2,Recharge,,WC-1,,0,300,
014965,AF Collection,Soukra,AF Collection Menzah4,2025,2025-02-07,2,Recharge,Astree,RDC,,0,300,
014965,AF Collection,Soukra,AF Collection Menzah4,2025,2025-02-07,2,Recharge,,,,0,300,
014804,716,CUN,716 CUN,2025,2025-01-13,1,Controle,Iceburg,ENTREE,,0,0,
014804,716,CUN,716 CUN,2025,2025-01-13,1,Recharge,,Ext.,,0,250,
014812,Polyclinique Les Jasmins,CUN,Polyclinique Les Jasmins  CUN,2025,2025-01-18,1,Controle,Astree,Cantin,TB,0,0,
014812,Polyclinique Les Jasmins,CUN,Polyclinique Les Jasmins  CUN,2025,2025-01-18,1,Controle,Astree,PDS,,61,0,
014981,Diesel Mall,Lac2,Diesel Mall  Lac2,2025,2025-02-10,2,Controle,Aromair100,ENTREE,,192,0,
014981,Diesel Mall,Lac2,Diesel Mall  Lac2,2025,2025-02-10,2,Recharge,Aromair100,ENTREE,,0,300,
014967,HG Ykone,Lac1,HG Ykone  Lac1,2025,2025-02-07,2,Controle,Zee300,RDC,RG,250,0,
014967,HG Ykone,Lac1,HG Ykone  Lac1,2025,2025-02-07,2,Controle,Zee300,1er,RG,0,0,
014967,HG Ykone,Lac1,HG Ykone  Lac1,2025,2025-02-07,2,Controle,Astree,"""-1""",RG,0,0,
014807,Club NA,Gammarth,Club NA Gammarth,2025,2025-01-17,1,Controle,Aromair100,VCH,FE3,0,0,
014807,Club NA,Gammarth,Club NA Gammarth,2025,2025-01-17,1,Controle,Aromair100,VCH,FE3,0,0,
014807,Club NA,Gammarth,Club NA Gammarth,2025,2025-01-17,1,Controle,Zee300,codon,,0,0,
014807,Club NA,Gammarth,Club NA Gammarth,2025,2025-01-17,1,Recharge,Zee300,codon,,0,300,
014807,Club NA,Gammarth,Club NA Gammarth,2025,2025-01-17,1,Recharge,Aromair100,VCH,FE3,0,300,
014807,Club NA,Gammarth,Club NA Gammarth,2025,2025-01-17,1,Recharge,Aromair100,VCH,FE3,0,300,
014987,Terrazzino,Ariana,Terrazzino  Ariana,2025,2025-01-09,1,Controle,Zee300,entrée Droite,TH,600,0,
014987,Terrazzino,Ariana,Terrazzino  Ariana,2025,2025-01-09,1,Recharge,Zee300,entrée Droite,TH,0,600,
014809,Laico,Tunis,Laico  Tunis,2025,2025-01-17,1,Controle,,,,0,0,
014809,Laico,Tunis,Laico  Tunis,2025,2025-01-17,1,Controle,Aromair100,WC,,0,0,
014976,716,CUN,716 CUN,2025,2025-02-03,2,Controle,Aromair100,WC,,224,0,
014976,716,CUN,716 CUN,2025,2025-02-03,2,Controle,Aromair100,Salle,,0,0,
014976,716,CUN,716 CUN,2025,2025-02-03,2,Recharge,Aromair100,Salle,,0,150,
014818,Galata,Menzah9,Galata Menzah9,2025,2025-01-18,1,Controle,Astree,ENTREE,,0,0,
014818,Galata,Menzah9,Galata Menzah9,2025,2025-01-18,1,Controle,Astree,Balcon,,0,0,
014821,716,CUN,716 CUN,2025,2025-01-12,1,Controle,Zee300,ENTREE,,0,0,
014821,716,CUN,716 CUN,2025,2025-01-12,1,Controle,,Cavelle,,0,0,
014821,716,CUN,716 CUN,2025,2025-01-12,1,Recharge,,ENTREE,,0,900,
014821,716,CUN,716 CUN,2025,2025-01-12,1,Recharge,,CAVELLE,,0,900,
014986,YCR Studio,GP9,YCR Studio  GP9,2025,2025-02-06,2,Controle,Iceburg,Fond,TH,0,0,
014986,YCR Studio,GP9,YCR Studio  GP9,2025,2025-02-06,2,Recharge,Iceburg,Fond,,0,300,
014815,Edward's,Soukra,Edward's  Soukra,2025,2025-01-18,1,Controle,Iceburg,COC,,0,0,
014815,Edward's,Soukra,Edward's  Soukra,2025,2025-01-18,1,Recharge,Iceburg,COC,,0,300,
014805,Pharmacie Victoria,Lac1,Pharmacie Victoria Lac1,2025,2025-01-18,1,Controle,Aromair100,vitrine,RG,217,0,
014805,Pharmacie Victoria,Lac1,Pharmacie Victoria Lac1,2025,2025-01-18,1,Recharge,Aromair100,ENTREE,,0,300,
014801,716,Menzah6,716 Menzah6,2025,2025-01-17,1,Controle,Aromair100,WH,,97,0,
014801,716,Menzah6,716 Menzah6,2025,2025-01-17,1,Controle,Aromair100,WEF,,0,0,
014801,716,Menzah6,716 Menzah6,2025,2025-01-17,1,Controle,Zee600,ENTREE,FM,660,0,
014801,716,Menzah6,716 Menzah6,2025,2025-01-17,1,Controle,Zee600,etage,,0,0,
014801,716,Menzah6,716 Menzah6,2025,2025-01-17,1,Controle,Aromair100,Cuisine,,0,0,
014801,716,Menzah6,716 Menzah6,2025,2025-01-17,1,Recharge,Aromair100,Cuisine,,0,900,
014801,716,Menzah6,716 Menzah6,2025,2025-01-17,1,Recharge,,ENTREE,,0,900,
014801,716,Menzah6,716 Menzah6,2025,2025-01-17,1,Recharge,,ENTREE,,0,900,
014822,Mon Coin,Manar,Mon Coin  Manar,2025,2025-01-17,1,Controle,Aromair100,ENTREE,FE3,39,0,
014822,Mon Coin,Manar,Mon Coin  Manar,2025,2025-01-17,1,Recharge,Aromair100,ENTREE,FE3,0,300,
014994,Lord,Soukra,Lord Soukra,2025,2025-02-10,2,Controle,,,,0,0,
014833,Hamdi Workshop,Ennasr,Hamdi Workshop   Ennasr,2025,2025-01-11,1,Controle,Aromair100,ENTREE,JB,0,0,
014833,Hamdi Workshop,Ennasr,Hamdi Workshop   Ennasr,2025,2025-01-11,1,Controle,Aromair100,s.pm,,279,0,
014833,Hamdi Workshop,Ennasr,Hamdi Workshop   Ennasr,2025,2025-01-11,1,Controle,Aromair100,s.pm,,0,0,
014833,Hamdi Workshop,Ennasr,Hamdi Workshop   Ennasr,2025,2025-01-11,1,Recharge,Aromair100,ENTREE,JB,0,300,
014999,Centre Livraison VW,Kram,Centre Livraison VW  Kram,2025,2025-02-12,2,Controle,Astree,RDC,RG,24,0,
014999,Centre Livraison VW,Kram,Centre Livraison VW  Kram,2025,2025-02-12,2,Controle,Astree,"""-1""",RG,0,0,
014826,716,CUN,716 CUN,2025,2025-01-18,1,Controle,Aromair100,Salon,CASH,17,0,
014826,716,CUN,716 CUN,2025,2025-01-18,1,Controle,Aromair100,WC,CASH,153,0,
014826,716,CUN,716 CUN,2025,2025-01-18,1,Recharge,,Salon,CASH,0,300,
014826,716,CUN,716 CUN,2025,2025-01-18,1,Recharge,Aromair100,WC,CASH,0,300,
014989,Future Generation,Aouina,Future Generation Aouina,2025,2025-02-11,2,Controle,Aromair100,ENTREE,FE3,0,0,
014989,Future Generation,Aouina,Future Generation Aouina,2025,2025-02-11,2,Controle,Aromair100,Cuisine,FE3,94,0,
014989,Future Generation,Aouina,Future Generation Aouina,2025,2025-02-11,2,Recharge,Aromair100,ENTREE,,0,300,
014752,Renault,Charguia,Renault  Charguia,2025,2025-02-14,2,Controle,Astree,Salon,RG,175,0,
014752,Renault,Charguia,Renault  Charguia,2025,2025-02-14,2,Controle,Astree,BUREAU,RG,70,0,
014835,Global Studies,Lac2,Global Studies  Lac2,2025,2025-01-21,1,Controle,Aromair100,ENTREE,LINA (L),68,0,
014983,El Mnara,Sidi Bou Said,El Mnara Sidi Bou Said,2025,2025-02-10,2,Controle,Aromair100,Accal,FM,0,0,
014983,El Mnara,Sidi Bou Said,El Mnara Sidi Bou Said,2025,2025-02-10,2,Recharge,Zee300,"""-1""",FM,0,300,
014829,Tony Nasr,Jardin d'El Menzah,Tony Nasr Jardin d'El Menzah,2025,2025-01-18,1,Controle,Aromair100,ENTREE,FE3,35,0,
014829,Tony Nasr,Jardin d'El Menzah,Tony Nasr Jardin d'El Menzah,2025,2025-01-18,1,Recharge,Aromair100,ENTREE,FE3,0,300,
014984,716,CUN,716 CUN,2025,2025-02-10,2,Controle,Iceburg,Fond,TH,21,0,
014984,716,CUN,716 CUN,2025,2025-02-10,2,Recharge,Iceburg,Fond,TH,0,350,
014828,Padel,Borj Louzir,Padel Borj Louzir,2025,2025-01-18,1,Controle,Aromair100,ENTREE,,0,0,
014828,Padel,Borj Louzir,Padel Borj Louzir,2025,2025-01-18,1,Controle,Aromair100,WC,,97,0,
014828,Padel,Borj Louzir,Padel Borj Louzir,2025,2025-01-18,1,Recharge,Aromair100,WC,LINA (L),0,300,
014828,Padel,Borj Louzir,Padel Borj Louzir,2025,2025-01-18,1,Recharge,Aromair100,WC,LINA (L),0,300,
014991,Le Sportif,Soukra,Le Sportif  Soukra,2025,2025-02-11,2,Controle,Aromair100,ENTREE,,121,0,
014824,Barista's,Bardo,Barista's Bardo,2025,2025-01-17,1,Controle,Aromair100,WC,,0,0,
014824,Barista's,Bardo,Barista's Bardo,2025,2025-01-17,1,Recharge,Aromair100,WC,,0,300,
014995,Edward's,Soukra,Edward's  Soukra,2025,2025-02-10,2,Controle,,,,0,0,
014753,Volkswagen SAV,Charguia,Volkswagen SAV  Charguia,2025,2025-02-10,2,Controle,Astree,Fond,RG,83,0,
014753,Volkswagen SAV,Charguia,Volkswagen SAV  Charguia,2025,2025-02-10,2,Controle,Astree,Fond,RG,59,0,
014837,Laico,Tunis,Laico  Tunis,2025,2025-01-29,1,Controle,Astree,Salon,FE3,0,0,
014837,Laico,Tunis,Laico  Tunis,2025,2025-01-29,1,Controle,Astree,reception,FE3,0,0,
014837,Laico,Tunis,Laico  Tunis,2025,2025-01-29,1,Controle,,,OVD,0,0,
014837,Laico,Tunis,Laico  Tunis,2025,2025-01-29,1,Recharge,,cuisine,OVD,0,2000,
014837,Laico,Tunis,Laico  Tunis,2025,2025-01-29,1,Recharge,,,FE3,0,300,
014837,Laico,Tunis,Laico  Tunis,2025,2025-01-29,1,Recharge,,,FE3,0,200,
014758,716,Menzah6,716 Menzah6,2025,2025-02-10,2,Controle,,,,0,0,
014831,716,Lac2,716 Lac2,2025,2025-01-21,1,Controle,Iceburg,ENTREE,RG,116,0,
014820,Clinique Alyssa,Lac1,Clinique Alyssa Lac1,2025,2025-01-17,1,Controle,Aromair100,ENTREE,FM,260,0,
014820,Clinique Alyssa,Lac1,Clinique Alyssa Lac1,2025,2025-01-17,1,Recharge,,ENTREE,FM,0,300,
014998,Zaia,Soukra,Zaia Soukra,2025,2025-02-10,2,Controle,Aromair100,Showroom,,198,0,
014998,Zaia,Soukra,Zaia Soukra,2025,2025-02-10,2,Controle,Aromair100,S.CH,,0,0,
014827,LV Prod,Ben Arous,LV Prod  Ben Arous,2025,2025-01-17,1,Controle,Zee300,ENTREE,TH,289,0,
014827,LV Prod,Ben Arous,LV Prod  Ben Arous,2025,2025-01-17,1,Recharge,Zee300,ENTREE,TH,0,300,
014990,Floralies,Lac3,Floralies  Lac3,2025,2025-02-10,2,Controle,Zee600,ENTREE,,600,0,
014990,Floralies,Lac3,Floralies  Lac3,2025,2025-02-10,2,Recharge,Zee600,ENTREE,,0,600,
014834,TCA,Tunis,TCA  Tunis,2025,2025-01-21,1,Controle,Astree,Bureau,,0,0,
014834,TCA,Tunis,TCA  Tunis,2025,2025-01-21,1,Recharge,Astree,Bureau,,0,260,
014992,Marck Olivier,Soukra,Marck Olivier  Soukra,2025,2025-02-11,2,Controle,Astree,ENTREE(G),RG,99,0,
014992,Marck Olivier,Soukra,Marck Olivier  Soukra,2025,2025-02-11,2,Controle,Astree,ENTREE(D),RG,87,0,
014992,Marck Olivier,Soukra,Marck Olivier  Soukra,2025,2025-02-11,2,Controle,Astree,Fond,RG,0,0,
014819,Lake Tower,Lac2,Lake Tower Lac2,2025,2025-01-17,1,Controle,Astree,Mess,CASH,0,0,
014985,Ceram Home,GP9,Ceram Home  GP9,2025,2025-02-12,2,Controle,Zee300,RDC,TH,50,0,
014985,Ceram Home,GP9,Ceram Home  GP9,2025,2025-02-12,2,Controle,Zee300,RDC,,0,0,
014985,Ceram Home,GP9,Ceram Home  GP9,2025,2025-02-12,2,Controle,Aromair100,BUREAU,,100,0,
014985,Ceram Home,GP9,Ceram Home  GP9,2025,2025-02-12,2,Recharge,Zee300,RDC,TH,0,300,
014985,Ceram Home,GP9,Ceram Home  GP9,2025,2025-02-12,2,Recharge,Zee300,RDC,TH,0,300,
014985,Ceram Home,GP9,Ceram Home  GP9,2025,2025-02-12,2,Recharge,Aromair100,BUREAU,,0,300,
014825,Zahia,Soukra,Zahia Soukra,2025,2025-01-18,1,Controle,Astree,Salon,,133,0,
014988,Tony Nasr,GP9,Tony Nasr  GP9,2025,2025-02-12,2,Controle,Aromair100,ENTREE,,69,0,
014988,Tony Nasr,GP9,Tony Nasr  GP9,2025,2025-02-12,2,Recharge,Aromair100,ENTREE,,0,300,
014838,Geox,Carrefour Marsa,Geox  Carrefour Marsa,2025,2025-01-28,1,Controle,Aromair100,ENTREE,FE3,0,0,
014832,Labo Farah,Riadh Landalous,Labo Farah  Riadh Landalous,2025,2025-01-21,1,Controle,Aromair100,ENTREE,LINA (L),0,0,
014996,Cupra,GP9,Cupra  GP9,2025,2025-02-12,2,Controle,Aromair100,RDC,RU,0,0,
014996,Cupra,GP9,Cupra  GP9,2025,2025-02-12,2,Controle,Aromair100,"""-1""",RG,0,0,
014757,Ola Energy,Sfax EST,Ola Energy Sfax EST,2025,2025-02-12,2,Controle,Aromair100,ENTREE,,0,0,
014757,Ola Energy,Sfax EST,Ola Energy Sfax EST,2025,2025-02-12,2,Recharge,,Accal,,0,300,
014836,Game Production,GP9,Game Production GP9,2025,2025-01-27,1,Controle,Zee300,Mirai,,594,0,
014836,Game Production,GP9,Game Production GP9,2025,2025-01-27,1,Controle,,Salle,,0,0,
014836,Game Production,GP9,Game Production GP9,2025,2025-01-27,1,Recharge,,,,0,300,
014836,Game Production,GP9,Game Production GP9,2025,2025-01-27,1,Recharge,,,,0,300,
014997,Novotel,Lac2,Novotel  Lac2,2025,2025-02-11,2,Controle,Zee300,,,300,0,
014997,Novotel,Lac2,Novotel  Lac2,2025,2025-02-11,2,Controle,Zee600,,,0,0,
014997,Novotel,Lac2,Novotel  Lac2,2025,2025-02-11,2,Controle,,,,0,0,
014842,Mall of Sousse,Sousse,Mall of Sousse  Sousse,2025,2025-01-23,1,Controle,Aromair100,WC,LINA (L),0,0,
014842,Mall of Sousse,Sousse,Mall of Sousse  Sousse,2025,2025-01-23,1,Controle,Aromair100,WC,,0,0,
014842,Mall of Sousse,Sousse,Mall of Sousse  Sousse,2025,2025-01-23,1,Controle,Aromair100,WC,,0,0,
014842,Mall of Sousse,Sousse,Mall of Sousse  Sousse,2025,2025-01-23,1,Controle,Aromair100,WC,RG,0,0,
014842,Mall of Sousse,Sousse,Mall of Sousse  Sousse,2025,2025-01-23,1,Controle,Aromair100,WC,,0,0,
014842,Mall of Sousse,Sousse,Mall of Sousse  Sousse,2025,2025-01-23,1,Controle,Aromair100,WC,TH,0,0,
014842,Mall of Sousse,Sousse,Mall of Sousse  Sousse,2025,2025-01-23,1,Recharge,Aromair100,WC,LINA (L),0,300,
014842,Mall of Sousse,Sousse,Mall of Sousse  Sousse,2025,2025-01-23,1,Recharge,Aromair100,WC,,0,300,
014842,Mall of Sousse,Sousse,Mall of Sousse  Sousse,2025,2025-01-23,1,Recharge,Aromair100,WC,,0,300,
014842,Mall of Sousse,Sousse,Mall of Sousse  Sousse,2025,2025-01-23,1,Recharge,Aromair100,WC,,0,300,
014842,Mall of Sousse,Sousse,Mall of Sousse  Sousse,2025,2025-01-23,1,Recharge,Aromair100,WC,,0,300,
014842,Mall of Sousse,Sousse,Mall of Sousse  Sousse,2025,2025-01-23,1,Recharge,Aromair100,WC,,0,300,
015000,Laico,Tunis,Laico  Tunis,2025,2025-02-17,2,Controle,,CTA,,0,0,
015000,Laico,Tunis,Laico  Tunis,2025,2025-02-17,2,Controle,,super,FE3,185,0,
015000,Laico,Tunis,Laico  Tunis,2025,2025-02-17,2,Controle,Astree,S.PCAC,,67,0,
015000,Laico,Tunis,Laico  Tunis,2025,2025-02-17,2,Controle,Zee300,DT,FM,145,0,
015000,Laico,Tunis,Laico  Tunis,2025,2025-02-17,2,Controle,Astree,STA,,0,0,
015000,Laico,Tunis,Laico  Tunis,2025,2025-02-17,2,Recharge,,CTA,,0,300,
015000,Laico,Tunis,Laico  Tunis,2025,2025-02-17,2,Recharge,,super,,0,300,
015000,Laico,Tunis,Laico  Tunis,2025,2025-02-17,2,Recharge,Astree,S.PCAC,,0,300,
015000,Laico,Tunis,Laico  Tunis,2025,2025-02-17,2,Recharge,Zee300,DT,,0,300,
015000,Laico,Tunis,Laico  Tunis,2025,2025-02-17,2,Recharge,Astree,STA,,0,300,
014755,Cupra,GP9,Cupra  GP9,2025,2025-02-13,2,Recharge,Aromair100,"""-1""",,0,300,
014844,716,CUN,716 CUN,2025,2025-01-23,1,Controle,Aromair100,WC,,0,0,
014844,716,CUN,716 CUN,2025,2025-01-23,1,Recharge,Aromair100,WC,,0,300,
014840,Floralies,Marsa,Floralies  Marsa,2025,2025-01-24,1,Controle,Iceburg,ENTREE,,13,0,
014840,Floralies,Marsa,Floralies  Marsa,2025,2025-01-24,1,Recharge,Iceburg,ENTREE,,0,300,
014762,Dr Adel Soukni,Marsa,Dr Adel Soukni  Marsa,2025,2025-02-14,2,Controle,Iceburg,Minim,TH,289,0,
014847,Pharmacie Neffousi,Marsa,Pharmacie Neffousi Marsa,2025,2025-01-21,1,Controle,Aromair100,Salle,,0,0,
014847,Pharmacie Neffousi,Marsa,Pharmacie Neffousi Marsa,2025,2025-01-21,1,Recharge,Aromair100,Salle,,0,300,
014759,Heni,Menzah8,Heni Menzah8,2025,2025-02-13,2,Controle,Aromair100,ENTREE,,0,0,
014759,Heni,Menzah8,Heni Menzah8,2025,2025-02-13,2,Controle,Aromair100,Fond,,0,0,
014759,Heni,Menzah8,Heni Menzah8,2025,2025-02-13,2,Controle,Aromair100,Salle,,0,0,
014759,Heni,Menzah8,Heni Menzah8,2025,2025-02-13,2,Recharge,Aromair100,Fond,,0,300,
014902,716,CUN,716 CUN,2025,2025-01-24,1,Controle,Aromair100,WC,,271,0,
014766,Strass,Menzah5,Strass Menzah5 Menzah5,2025,2025-02-14,2,Controle,Astree,ENTREE,,0,0,
014766,Strass,Menzah5,Strass Menzah5 Menzah5,2025,2025-02-14,2,Recharge,,ENTREE,,0,300,
014903,Violette,Kram,Violette Kram,2025,2025-01-24,1,Controle,Iceburg,ENTREE,TB,0,0,
014903,Violette,Kram,Violette Kram,2025,2025-01-24,1,Recharge,Iceburg,ENTREE,TB,0,300,
014764,Geox,Geant,Geox Geant,2025,2025-02-14,2,Controle,Aromair100,ENTREE,,118,0,
014846,Dr Adel Soukni,Marsa,Dr Adel Soukni  Marsa,2025,2025-01-24,1,Controle,Iceburg,Salle,TH,67,0,
014846,Dr Adel Soukni,Marsa,Dr Adel Soukni  Marsa,2025,2025-01-24,1,Recharge,Iceburg,Salle,TH,0,300,
014754,716,CUN,716 CUN,2025,2025-02-13,2,Controle,Iceburg,Accueil,,64,0,
014906,Med Chakroun,Hammam Sousse,Med Chakroun Hammam Sousse,2025,2025-01-25,1,Controle,,Salle,TH,0,0,
014906,Med Chakroun,Hammam Sousse,Med Chakroun Hammam Sousse,2025,2025-01-25,1,Recharge,,Salle,TH,0,300,
014763,Spectra,Kram,Spectra  Kram,2025,2025-02-14,2,Controle,,,,0,0,LIV Zee 300 + 900ML RG DEMO FONCTIONNEMENT
014905,716,CUN,716 CUN,2025,2025-01-24,1,Controle,Aromair100,ENTREE,,0,0,
014905,716,CUN,716 CUN,2025,2025-01-24,1,Recharge,,,,0,300,
014769,Boutique ETIKETTE,Hammamet,Boutique ETIKETTE Hammamet,2025,2025-02-15,2,Controle,Aromair100,,,0,0,
014918,Slim Optic,Lac1,Slim Optic  Lac1,2025,2025-01-27,1,Controle,Iceburg,ENTREE,,59,0,
014918,Slim Optic,Lac1,Slim Optic  Lac1,2025,2025-01-27,1,Controle,Iceburg,modem VIP,,173,0,
014918,Slim Optic,Lac1,Slim Optic  Lac1,2025,2025-01-27,1,Controle,Iceburg,Fond,,79,0,
014918,Slim Optic,Lac1,Slim Optic  Lac1,2025,2025-01-27,1,Controle,Iceburg,Modem,,43,0,
014765,716,CUN,716 CUN,2025,2025-02-14,2,Controle,,,,0,0,
014911,Villa Didon,Carthage,Villa Didon  Carthage,2025,2025-01-27,1,Controle,Zee600,Salle,,102,0,
014911,Villa Didon,Carthage,Villa Didon  Carthage,2025,2025-01-27,1,Recharge,Zee600,Salle,,0,600,
014773,Bernardo,Soukra,Bernardo  Soukra,2025,2025-02-10,2,Controle,Astree,ENTREE,,20,0,
014909,Arena Gym,El Manar,Arena Gym El Manar,2025,2025-01-27,1,Controle,Aromair100,Accal,,194,0,
014761,Club NA,Gammarth,Club NA  Gammarth,2025,2025-02-11,2,Controle,Zee300,ENTREE,,0,0,
014761,Club NA,Gammarth,Club NA  Gammarth,2025,2025-02-11,2,Controle,Aromair100,WCF,,76,0,
014761,Club NA,Gammarth,Club NA  Gammarth,2025,2025-02-11,2,Controle,Aromair100,WCH,,55,0,
014761,Club NA,Gammarth,Club NA  Gammarth,2025,2025-02-11,2,Recharge,Zee300,ENTREE,,0,300,
014761,Club NA,Gammarth,Club NA  Gammarth,2025,2025-02-11,2,Recharge,Aromair100,WCF,,0,300,
014761,Club NA,Gammarth,Club NA  Gammarth,2025,2025-02-11,2,Recharge,Aromair100,WCH,,0,300,
014904,716,Lac2,716 Lac2,2025,2025-01-24,1,Controle,Aromair100,WC,LINA (L),0,0,
014904,716,Lac2,716 Lac2,2025,2025-01-24,1,Recharge,Aromair100,WC,LINA (L),0,300,
014772,Ambiance D'Autrefois,Sousse,Ambiance D'Autrefois Sousse,2025,2025-02-17,2,Controle,,,,0,0,
014772,Ambiance D'Autrefois,Sousse,Ambiance D'Autrefois Sousse,2025,2025-02-17,2,Controle,,,,0,0,
014907,Strass,Menzah5,Strass Menzah5 Menzah5,2025,2025-01-17,1,Controle,Aromair100,ENTREE,,63,0,
014907,Strass,Menzah5,Strass Menzah5 Menzah5,2025,2025-01-17,1,Recharge,,ENTREE,,0,150,
014771,Dr Soussi,Ain Zaghouen Nord,Dr Soussi  Ain Zaghouen Nord,2025,2025-02-15,2,Controle,,Salon,,0,0,
014771,Dr Soussi,Ain Zaghouen Nord,Dr Soussi  Ain Zaghouen Nord,2025,2025-02-15,2,Recharge,,Salon,,0,300,
014774,Bernardo,Soukra,Bernardo  Soukra,2025,2025-02-17,2,Controle,Astree,ACCAL,,20,0,
014774,Bernardo,Soukra,Bernardo  Soukra,2025,2025-02-17,2,Recharge,Astree,ACCAL,,0,300,
014778,Marck Olivier,Soukra,Marck Olivier  Soukra,2025,2025-02-17,2,Controle,Astree,Fond,,0,0,
014778,Marck Olivier,Soukra,Marck Olivier  Soukra,2025,2025-02-17,2,Recharge,Astree,Fond,,0,300,
014760,Le Golf,Marsa,Le Golf  Marsa,2025,2025-02-10,2,Controle,Aromair100,WCF,,0,0,
014760,Le Golf,Marsa,Le Golf  Marsa,2025,2025-02-10,2,Controle,Aromair100,WCH,,0,0,
014760,Le Golf,Marsa,Le Golf  Marsa,2025,2025-02-10,2,Recharge,Aromair100,WCF,,0,50,
014760,Le Golf,Marsa,Le Golf  Marsa,2025,2025-02-10,2,Recharge,Aromair100,WCH,,0,50,
014768,Tuniscount,Soukra,Tuniscount Soukra,2025,2025-02-15,2,Controle,Astree,RDC,,39,0,
014768,Tuniscount,Soukra,Tuniscount Soukra,2025,2025-02-15,2,Recharge,Astree,RDC,,0,300,
014848,Dr Hamdi Golf,Gammarth,Dr Hamdi Golf Gammarth,2025,2025-01-24,1,Controle,Astree,VILLA,JB,0,0,
014848,Dr Hamdi Golf,Gammarth,Dr Hamdi Golf Gammarth,2025,2025-01-24,1,Recharge,,Salon,LINA (L),0,300,
014770,Slim Optic,Lac1,Slim Optic  Lac1,2025,2025-02-15,2,Controle,Iceburg,ENTREE,,14,0,
014770,Slim Optic,Lac1,Slim Optic  Lac1,2025,2025-02-15,2,Controle,Iceburg,Fond,,75,0,
014770,Slim Optic,Lac1,Slim Optic  Lac1,2025,2025-02-15,2,Controle,Iceburg,Fond,,43,0,
014770,Slim Optic,Lac1,Slim Optic  Lac1,2025,2025-02-15,2,Recharge,Iceburg,ENTREE,,0,300,
014841,Mall of Sousse,Sousse,Mall of Sousse  Sousse,2025,2025-01-23,1,Controle,Aromair100,ENTREE,FE3,0,0,
014841,Mall of Sousse,Sousse,Mall of Sousse  Sousse,2025,2025-01-23,1,Controle,Astree,Admin,TH,0,0,
014841,Mall of Sousse,Sousse,Mall of Sousse  Sousse,2025,2025-01-23,1,Controle,,WC B,LINA (L),0,0,
014841,Mall of Sousse,Sousse,Mall of Sousse  Sousse,2025,2025-01-23,1,Controle,,WC B,LINA (L),0,0,
014841,Mall of Sousse,Sousse,Mall of Sousse  Sousse,2025,2025-01-23,1,Controle,,HALL B,RG,0,0,
014841,Mall of Sousse,Sousse,Mall of Sousse  Sousse,2025,2025-01-23,1,Controle,,HALL B,RG,0,0,
014841,Mall of Sousse,Sousse,Mall of Sousse  Sousse,2025,2025-01-23,1,Recharge,Aromair100,ENTREE,FE3,0,300,
014841,Mall of Sousse,Sousse,Mall of Sousse  Sousse,2025,2025-01-23,1,Recharge,Astree,Admin,TH,0,300,
014841,Mall of Sousse,Sousse,Mall of Sousse  Sousse,2025,2025-01-23,1,Recharge,,WC B,LINA (L),0,300,
014841,Mall of Sousse,Sousse,Mall of Sousse  Sousse,2025,2025-01-23,1,Recharge,,WC B,LINA (L),0,300,
014841,Mall of Sousse,Sousse,Mall of Sousse  Sousse,2025,2025-01-23,1,Recharge,,HALL B,RG,0,300,
014841,Mall of Sousse,Sousse,Mall of Sousse  Sousse,2025,2025-01-23,1,Recharge,,HALL B,RG,0,300,
014767,Khaled Lagha,Hammamet,Khaled Lagha  Hammamet,2025,2025-02-10,2,Controle,Astree,Salon,RG,156,0,
014767,Khaled Lagha,Hammamet,Khaled Lagha  Hammamet,2025,2025-02-10,2,Recharge,Astree,Salon,RG,0,300,
014919,Halo Clinique,Menzah9,Halo Clinique  Menzah9,2025,2025-01-31,1,Controle,Aromair100,ENTREE,FE3,109,0,
014794,Ceram,Mnihla,Ceram  Mnihla,2025,2025-01-31,1,Controle,Zee300,ENTREE,TH,92,0,
014794,Ceram,Mnihla,Ceram  Mnihla,2025,2025-01-31,1,Recharge,,Salon,TH,0,600,
014935,Villa Misk,Sidi Bou Said,Villa Misk  Sidi Bou Said,2025,2025-01-31,1,Controle,Astree,Salon,,59,0,
014935,Villa Misk,Sidi Bou Said,Villa Misk  Sidi Bou Said,2025,2025-01-31,1,Recharge,Astree,Salon,,0,300,
014923,Dar Said,Sidi Bou Said,Dar Said  Sidi Bou Said,2025,2025-01-30,1,Controle,Iceburg,Salon,,179,0,
014924,The Blue,Megrine,The Blue  Megrine,2025,2025-01-30,1,Controle,Aromair100,"""-1""",,25,0,
014924,The Blue,Megrine,The Blue  Megrine,2025,2025-01-30,1,Controle,Aromair100,WC,,0,0,
014924,The Blue,Megrine,The Blue  Megrine,2025,2025-01-30,1,Controle,Zee600,ENTREE,,0,0,
014924,The Blue,Megrine,The Blue  Megrine,2025,2025-01-30,1,Recharge,Aromair100,"""-1""",,0,300,
014924,The Blue,Megrine,The Blue  Megrine,2025,2025-01-30,1,Recharge,Aromair100,WC,,0,0,
014924,The Blue,Megrine,The Blue  Megrine,2025,2025-01-30,1,Recharge,,ENTREE,,0,0,
014936,Polyclinique Les Jasmins,CUN,Polyclinique Les Jasmins  CUN,2025,2025-01-31,1,Controle,Astree,ENTREE,,0,0,
014936,Polyclinique Les Jasmins,CUN,Polyclinique Les Jasmins  CUN,2025,2025-01-31,1,Recharge,Astree,ENTREE,,0,300,
014912,Meuble Karray,Soukra,Meuble Karray Soukra,2025,2025-01-28,1,Controle,Astree,RDC,,40,0,
014912,Meuble Karray,Soukra,Meuble Karray Soukra,2025,2025-01-28,1,Controle,Astree,1er,,210,0,
014912,Meuble Karray,Soukra,Meuble Karray Soukra,2025,2025-01-28,1,Controle,Astree,2ème,,87,0,
014922,Machewi 5 Etoiles,Mnihla,Machewi 5 Etoiles Mnihla,2025,2025-01-29,1,Controle,Zee300,entrée Prkg,,0,0,
014922,Machewi 5 Etoiles,Mnihla,Machewi 5 Etoiles Mnihla,2025,2025-01-29,1,Controle,Zee300,entrée Priciple,,0,0,
014922,Machewi 5 Etoiles,Mnihla,Machewi 5 Etoiles Mnihla,2025,2025-01-29,1,Controle,Zee300,entrée fond,,0,0,
014922,Machewi 5 Etoiles,Mnihla,Machewi 5 Etoiles Mnihla,2025,2025-01-29,1,Controle,Zee300,entrée vitrine,,0,0,
014922,Machewi 5 Etoiles,Mnihla,Machewi 5 Etoiles Mnihla,2025,2025-01-29,1,Recharge,Zee300,entrée Prkg,,0,500,
014922,Machewi 5 Etoiles,Mnihla,Machewi 5 Etoiles Mnihla,2025,2025-01-29,1,Recharge,Zee300,entrée Priciple,,0,500,
014922,Machewi 5 Etoiles,Mnihla,Machewi 5 Etoiles Mnihla,2025,2025-01-29,1,Recharge,Zee300,entrée fond,,0,500,
014922,Machewi 5 Etoiles,Mnihla,Machewi 5 Etoiles Mnihla,2025,2025-01-29,1,Recharge,Zee300,entrée vitrine,,0,500,
014913,Diesel Mall,Lac2,Diesel Mall Lac2,2025,2025-01-28,1,Controle,Aromair100,Salle,TH,166,0,
014913,Diesel Mall,Lac2,Diesel Mall Lac2,2025,2025-01-28,1,Recharge,Aromair100,Salle,,0,0,
014908,Zitouna Takaful,Lac3,Zitouna Takaful  Lac3,2025,2025-01-29,1,Controle,Iceburg,bureau,,164,0,
014908,Zitouna Takaful,Lac3,Zitouna Takaful  Lac3,2025,2025-01-29,1,Recharge,,,,0,300,
014938,Seat,Charguia,Seat  Charguia,2025,2025-01-31,1,Controle,Zee300,ENTREE,,0,0,
014938,Seat,Charguia,Seat  Charguia,2025,2025-01-31,1,Recharge,Zee300,ENTREE,,0,300,
014925,Groupe Mokni,Megrine,Groupe Mokni  Megrine,2025,2025-01-30,1,Controle,Astree,"""-1""",,153,0,
014925,Groupe Mokni,Megrine,Groupe Mokni  Megrine,2025,2025-01-30,1,Controle,Iceburg,PDS,TH,197,0,
014929,City Desk,Soukra,City Desk  Soukra,2025,2025-01-30,1,Controle,Aromair100,ENTREE,,80,0,
014929,City Desk,Soukra,City Desk  Soukra,2025,2025-01-30,1,Recharge,Aromair100,ENTREE,,0,300,
014928,Asteel Flash,Soukra,Asteel Flash Soukra,2025,2025-01-30,1,Controle,,Bureau,FE3,6,0,
014928,Asteel Flash,Soukra,Asteel Flash Soukra,2025,2025-01-30,1,Controle,Zee300,RDC,,180,0,
014928,Asteel Flash,Soukra,Asteel Flash Soukra,2025,2025-01-30,1,Controle,Aromair100,B1+1,,46,0,
014928,Asteel Flash,Soukra,Asteel Flash Soukra,2025,2025-01-30,1,Controle,,B2+1,,0,0,
014928,Asteel Flash,Soukra,Asteel Flash Soukra,2025,2025-01-30,1,Controle,,RDC,,0,0,
014928,Asteel Flash,Soukra,Asteel Flash Soukra,2025,2025-01-30,1,Controle,,B3+1,,0,0,
014928,Asteel Flash,Soukra,Asteel Flash Soukra,2025,2025-01-30,1,Controle,,B2 USI 2,,30,0,
014921,Maison Porshe,Kram,Maison Porshe Kram,2025,2025-01-29,1,Controle,Zee300,entrée Droite,RG,0,0,
014921,Maison Porshe,Kram,Maison Porshe Kram,2025,2025-01-29,1,Recharge,Zee300,entrée Droite,RG,0,300,
014916,Kube,Lac2,Kube  Lac2,2025,2025-01-28,1,Controle,,,,0,0,Recup mation deux diffiseurs
014917,Spectra,Kram,Spectra  Kram,2025,2025-01-28,1,Controle,Astree,Sous Sol,,0,0,
014917,Spectra,Kram,Spectra  Kram,2025,2025-01-28,1,Recharge,,,,0,300,
014930,Palma,Soukra,Palma  Soukra,2025,2025-01-30,1,Controle,Astree,ENTREE,OB,291,0,
014930,Palma,Soukra,Palma  Soukra,2025,2025-01-30,1,Controle,Astree,"""-1""",OB,23,0,
014926,716,CUN,716 CUN,2025,2025-01-20,1,Controle,Zee300,ENTREE,FM,0,0,
014926,716,CUN,716 CUN,2025,2025-01-20,1,Recharge,,ENTREE,FM,0,300,
014937,716,CUN,716 CUN,2025,2025-01-31,1,Controle,Zee300,ENTREE,,32,0,
014937,716,CUN,716 CUN,2025,2025-01-31,1,Recharge,,ENTREE,,0,300,
014775,JC,Menzah5,JC  Menzah5,2025,2025-02-17,2,Controle,Astree,Fond,,0,0,
014775,JC,Menzah5,JC  Menzah5,2025,2025-02-17,2,Recharge,Astree,Fond,,0,300,
014776,Enzo,Menzah5,Enzo  Menzah5,2025,2025-02-17,2,Controle,Astree,VIP,RG,120,0,
014779,Zitouna Bank,Kram,Zitouna Bank  Kram,2025,2025-02-18,2,Controle,Astree,S. COMMUN,RG,143,0,
014779,Zitouna Bank,Kram,Zitouna Bank  Kram,2025,2025-02-18,2,Controle,Astree,DG,RG,0,0,
014787,Dr Adel Soukni,Marsa,Dr Adel Soukni Marsa,2025,2025-02-19,2,Controle,,,,0,0,
014788,Little Asia,GP9,Little Asia  GP9,2025,2025-02-19,2,Controle,Aromair100,ENTREE,,118,0,
014777,716,CUN,716 CUN,2025,2025-02-17,2,Controle,Zee600,Gauche,FM,549,0,
014777,716,CUN,716 CUN,2025,2025-02-17,2,Controle,Zee600,Droite,FM,288,0,
014777,716,CUN,716 CUN,2025,2025-02-17,2,Controle,Aromair100,WC,,59,0,
014777,716,CUN,716 CUN,2025,2025-02-17,2,Controle,Astree,Salon,,10,0,
014780,Movenpick,Lac1,Movenpick Lac1,2025,2025-02-17,2,Controle,Astree,BUREAU,,62,0,
014780,Movenpick,Lac1,Movenpick Lac1,2025,2025-02-17,2,Controle,Astree,ENTREE(D),,54,0,
014780,Movenpick,Lac1,Movenpick Lac1,2025,2025-02-17,2,Controle,,ENTREE,,0,0,
014783,Dr Fodha,Lac2,Dr Fodha  Lac2,2025,2025-02-18,2,Controle,Aromair100,Salon,RG,6,0,
014914,Armani Mall,Lac2,Armani Mall Lac2,2025,2025-01-28,1,Controle,Aromair100,Salle,,154,0,
014782,Dr Molka Sallemi,Jardins Carthage,Dr Molka Sallemi  Jardin Carthage,2025,2025-02-18,2,Controle,Astree,SALLE,LINA (L),124,0,
014795,Dr Fodha,Lac2,Dr Fodha  Lac2,2025,2025-02-20,2,Controle,Aromair100,Salle,RG,0,0,
014795,Dr Fodha,Lac2,Dr Fodha  Lac2,2025,2025-02-20,2,Recharge,Aromair100,Salle,,0,300,
014792,Radisson Blu,Tunis,Radisson Blu  Tunis,2025,2025-02-20,2,Controle,Astree,BILDRA,,14,0,
014792,Radisson Blu,Tunis,Radisson Blu  Tunis,2025,2025-02-20,2,Recharge,,SPA,,0,300,
014786,Dar Zarrouk,Sidi Bou Said,Dar Zarrouk  Sidi Bou Said,2025,2025-02-19,2,Controle,,ENTREE,JB,0,0,
014786,Dar Zarrouk,Sidi Bou Said,Dar Zarrouk  Sidi Bou Said,2025,2025-02-19,2,Recharge,,ENTREE,JB,0,300,
014790,HG Ykone,Lac1,HG Ykone Lac1,2025,2025-02-19,2,Controle,Aromair100,Salon,RG,297,0,
014790,HG Ykone,Lac1,HG Ykone Lac1,2025,2025-02-19,2,Recharge,Aromair100,Salon,RG,0,300,
014789,Ooredoo,Lac2,Ooredoo  Lac2,2025,2025-02-19,2,Controle,Zee300,2L,,102,0,
014789,Ooredoo,Lac2,Ooredoo  Lac2,2025,2025-02-19,2,Controle,Zee300,2L,,102,0,
014789,Ooredoo,Lac2,Ooredoo  Lac2,2025,2025-02-19,2,Controle,Zee300,2L,,35,0,
014789,Ooredoo,Lac2,Ooredoo  Lac2,2025,2025-02-19,2,Recharge,Zee300,2L,,0,300,
014789,Ooredoo,Lac2,Ooredoo  Lac2,2025,2025-02-19,2,Recharge,Zee300,2L,,0,300,
014789,Ooredoo,Lac2,Ooredoo  Lac2,2025,2025-02-19,2,Recharge,Zee300,2L,,0,300,
014781,Movenpick,Lac1,Movenpick Lac1,2025,2025-02-19,2,Recharge,,ENTREE,,0,300,
014781,Movenpick,Lac1,Movenpick Lac1,2025,2025-02-19,2,Recharge,,SPA,,0,300,
014781,Movenpick,Lac1,Movenpick Lac1,2025,2025-02-19,2,Recharge,,SPA,,0,300,
014785,Tuniscount,Soukra,Tuniscount  Soukra,2025,,,Controle,,,,0,0,
014793,Ceram Home,GP9,Ceram Home  GP9,2025,2025-02-27,2,Controle,Zee300,Salon,TH,92,0,
014793,Ceram Home,GP9,Ceram Home  GP9,2025,2025-02-27,2,Recharge,Zee300,Salon,TH,0,620,
014920,Meubles Frikha,Kram,Meubles Frikha Kram,2025,2025-01-27,1,Controle,Tour,STAND,,0,0,
014920,Meubles Frikha,Kram,Meubles Frikha Kram,2025,2025-01-27,1,Recharge,Tour,STAND,,0,300,
015003,Le Sportif,Soukra,Le Sportif  Soukra,2025,2025-02-02,2,Controle,Aromair100,ENTREE,RG,68,0,
015003,Le Sportif,Soukra,Le Sportif  Soukra,2025,2025-02-02,2,Recharge,,ENTREE,RG,0,300,
014791,Enzo,Menzah6,Enzo Menzah6,2025,2025-02-07,2,Controle,Aromair100,ENTREE,FE3,0,0,
014791,Enzo,Menzah6,Enzo Menzah6,2025,2025-02-07,2,Controle,Aromair100,étage,FE3,0,0,
014791,Enzo,Menzah6,Enzo Menzah6,2025,2025-02-07,2,Recharge,Aromair100,ENTREE,FE3,0,300,
014791,Enzo,Menzah6,Enzo Menzah6,2025,2025-02-07,2,Recharge,Aromair100,étage,FE3,0,300,
015011,Ligne roset,Marsa,Ligne roset Marsa,2025,2025-02-25,2,Controle,Astree,Salon,,0,0,
014799,Padel Connection,Ariana,Padel Connection Ariana,2025,2025-02-27,2,Controle,,ENTREE,,283,0,
014799,Padel Connection,Ariana,Padel Connection Ariana,2025,2025-02-27,2,Controle,Aromair100,Fond,,147,0,
014800,716,CUN,716 CUN,2025,2025-02-28,2,Recharge,,,,0,300,
014798,Equipement Concept,Soukra,Equipement Concept Soukra,2025,2025-02-01,2,Controle,Astree,RDC,RG,12,0,
014798,Equipement Concept,Soukra,Equipement Concept Soukra,2025,2025-02-01,2,Controle,Astree,1er,RG,0,0,
014798,Equipement Concept,Soukra,Equipement Concept Soukra,2025,2025-02-01,2,Recharge,,ENTREE,,0,300,
014798,Equipement Concept,Soukra,Equipement Concept Soukra,2025,2025-02-01,2,Recharge,,ENTREE,,0,300,
015020,Dr Fodha,Lac2,Dr Fodha  Lac2,2025,2025-02-07,2,Controle,,,,0,0,
015009,Energy Car,Menzah6,Energy Car  Menzah6,2025,2025-02-28,2,Controle,Astree,Salle,TH,0,0,
015012,Dorra Architecte,Marsa,Dorra Architecte  Marsa,2025,2025-02-27,2,Controle,Astree,Bureau,,0,0,
015012,Dorra Architecte,Marsa,Dorra Architecte  Marsa,2025,2025-02-27,2,Recharge,Astree,Bureau,,0,300,
015004,Tuniscount,Soukra,Tuniscount Soukra,2025,,,Controle,,,,0,0,
015004,Tuniscount,Soukra,Tuniscount Soukra,2025,,,Controle,,,,0,0,
015013,Ceram Home,GP9,Ceram Home  GP9,2025,2025-02-25,2,Controle,Astree,,,0,0,
015017,Boumiza Square,Sousse,Boumiza Square  Sousse,2025,2025-02-26,2,Controle,Zee600,Salon,,0,0,
015017,Boumiza Square,Sousse,Boumiza Square  Sousse,2025,2025-02-26,2,Controle,Aromair100,WC,,0,0,
015017,Boumiza Square,Sousse,Boumiza Square  Sousse,2025,2025-02-26,2,Recharge,Aromair100,WC,,0,600,
015017,Boumiza Square,Sousse,Boumiza Square  Sousse,2025,2025-02-26,2,Recharge,Aromair100,WC,,0,300,
015002,AF Collection,Soukra,AF Collection  Soukra,2025,2025-02-28,2,Controle,Astree,ENTREE,RG,79,0,
015001,Saveurs de Carthage,Jardins Carthage,Saveurs de Carthage  Jardin Carthage,2025,2025-02-28,2,Controle,,ENTREE,,155,0,
015010,City Loft,Soukra,City Loft Soukra,2025,2025-02-25,2,Controle,Aromair100,RDC,,81,0,
015010,City Loft,Soukra,City Loft Soukra,2025,2025-02-25,2,Controle,Aromair100,1er,,0,0,
015014,Mall of Sousse,Sousse,Mall of Sousse  Sousse,2025,2025-02-26,2,Controle,Aromair100,reception,RG,176,0,
015014,Mall of Sousse,Sousse,Mall of Sousse  Sousse,2025,2025-02-26,2,Controle,Astree,CANTIN,,193,0,
015014,Mall of Sousse,Sousse,Mall of Sousse  Sousse,2025,2025-02-26,2,Controle,,HALL B,LINA (L),60,0,
015014,Mall of Sousse,Sousse,Mall of Sousse  Sousse,2025,2025-02-26,2,Controle,,WC B,LINA (L),15,0,
015014,Mall of Sousse,Sousse,Mall of Sousse  Sousse,2025,2025-02-26,2,Controle,,WCF,LINA (L),0,0,
015014,Mall of Sousse,Sousse,Mall of Sousse  Sousse,2025,2025-02-26,2,Controle,,RDC,RG,0,0,
015014,Mall of Sousse,Sousse,Mall of Sousse  Sousse,2025,2025-02-26,2,Recharge,,RG,,0,300,
015014,Mall of Sousse,Sousse,Mall of Sousse  Sousse,2025,2025-02-26,2,Recharge,,RG,,0,300,
015014,Mall of Sousse,Sousse,Mall of Sousse  Sousse,2025,2025-02-26,2,Recharge,,LINA,,0,300,
015014,Mall of Sousse,Sousse,Mall of Sousse  Sousse,2025,2025-02-26,2,Recharge,,LINA,,0,300,
015014,Mall of Sousse,Sousse,Mall of Sousse  Sousse,2025,2025-02-26,2,Recharge,,RG,,0,300,
015015,Mall of Sousse,Sousse,Mall of Sousse  Sousse,2025,2025-02-26,2,Controle,Aromair100,ENTREE,LINA (L),0,0,
015015,Mall of Sousse,Sousse,Mall of Sousse  Sousse,2025,2025-02-26,2,Controle,Aromair100,WC,LINA (L),0,0,
015015,Mall of Sousse,Sousse,Mall of Sousse  Sousse,2025,2025-02-26,2,Controle,Aromair100,WC,RG,0,0,
015015,Mall of Sousse,Sousse,Mall of Sousse  Sousse,2025,2025-02-26,2,Controle,,WCF,LINA (L),0,0,
015015,Mall of Sousse,Sousse,Mall of Sousse  Sousse,2025,2025-02-26,2,Controle,,WCH,LINA (L),0,0,
015015,Mall of Sousse,Sousse,Mall of Sousse  Sousse,2025,2025-02-26,2,Controle,,B.R.,TH,0,0,
015015,Mall of Sousse,Sousse,Mall of Sousse  Sousse,2025,2025-02-26,2,Recharge,Aromair100,ENTREE,,0,300,
015015,Mall of Sousse,Sousse,Mall of Sousse  Sousse,2025,2025-02-26,2,Recharge,Aromair100,WC,,0,300,
015015,Mall of Sousse,Sousse,Mall of Sousse  Sousse,2025,2025-02-26,2,Recharge,Aromair100,WC,,0,300,
015015,Mall of Sousse,Sousse,Mall of Sousse  Sousse,2025,2025-02-26,2,Recharge,,WCF,,0,300,
015015,Mall of Sousse,Sousse,Mall of Sousse  Sousse,2025,2025-02-26,2,Recharge,,WCH,,0,300,
015015,Mall of Sousse,Sousse,Mall of Sousse  Sousse,2025,2025-02-26,2,Recharge,,B.R.,,0,300,
014932,Oriflame,Kram,Oriflame  Kram,2025,2025-01-31,1,Controle,,,,0,0,
014932,Oriflame,Kram,Oriflame  Kram,2025,2025-01-31,1,Controle,Astree,,,0,0,
014933,Spectra,Kram,Spectra  Kram,2025,2025-01-31,1,Controle,Astree,RDC,FE3,0,0,
014934,El Mnara,Sidi Bou Said,El Mnara Sidi Bou Said,2025,2025-01-31,1,Controle,Zee300,"""-1""",FM,0,0,
014934,El Mnara,Sidi Bou Said,El Mnara Sidi Bou Said,2025,2025-01-31,1,Controle,Zee300,"""-1""",FM,0,0,
014934,El Mnara,Sidi Bou Said,El Mnara Sidi Bou Said,2025,2025-01-31,1,Recharge,Zee300,"""-1""",FM,0,300,
014934,El Mnara,Sidi Bou Said,El Mnara Sidi Bou Said,2025,2025-01-31,1,Recharge,Zee300,"""-1""",FM,0,300,
014931,Ooredoo,Lac2,Ooredoo  Lac2,2025,2025-01-31,1,Controle,Zee300,2L,FM,118,0,
014931,Ooredoo,Lac2,Ooredoo  Lac2,2025,2025-01-31,1,Controle,Zee300,2L,FM,161,0,
014931,Ooredoo,Lac2,Ooredoo  Lac2,2025,2025-01-31,1,Controle,,RDC,FM,202,0,
014931,Ooredoo,Lac2,Ooredoo  Lac2,2025,2025-01-31,1,Recharge,Zee300,2L,FM,0,300,
014931,Ooredoo,Lac2,Ooredoo  Lac2,2025,2025-01-31,1,Recharge,Zee300,2L,FM,0,300,
014931,Ooredoo,Lac2,Ooredoo  Lac2,2025,2025-01-31,1,Recharge,,RDC,FM,0,300,
015023,Strass,Menzah5,Strass Menzah5 Menzah5,2025,2025-02-27,2,Controle,Aromair100,ENTREE,,189,0,
015021,Residence Khadija,Jardins Carthage,Residence Khadija Jardins Cathage,2025,2025-02-27,2,Controle,Zee300,ENTREE,,0,0,
015021,Residence Khadija,Jardins Carthage,Residence Khadija Jardins Cathage,2025,2025-02-27,2,Recharge,Zee300,ENTREE,,0,300,
015022,Villa Didon,Carthage,Villa Didon Carthage,2025,2025-02-27,2,Controle,Zee300,ENTREE,,79,0,
015022,Villa Didon,Carthage,Villa Didon Carthage,2025,2025-02-27,2,Recharge,Zee300,ENTREE,,0,600,
015018,Ceram Home,GP9,Ceram Home  GP9,2025,2025-02-27,2,Controle,,,,0,0,
015024,Obioskin,Menzah9,Obioskin  Menzah9,2025,2025-02-27,2,Controle,Aromair100,ENTREE,,0,0,
015024,Obioskin,Menzah9,Obioskin  Menzah9,2025,2025-02-27,2,Recharge,,ENTREE,,0,300,
015028,Game Production,GP9,Game Production  GP9,2025,2025-02-28,2,Controle,,Salle,,0,0,
015028,Game Production,GP9,Game Production  GP9,2025,2025-02-28,2,Recharge,,Salle,,0,300,
015008,City Loft,Soukra,City Loft  Soukra,2025,2025-02-27,2,Controle,,,,0,0,
015027,Slim Optic,Lac1,Slim Optic  Lac1,2025,2025-02-28,2,Controle,Iceburg,Fond,,72,0,
015027,Slim Optic,Lac1,Slim Optic  Lac1,2025,2025-02-28,2,Controle,Iceburg,VITRINE,,0,0,
015027,Slim Optic,Lac1,Slim Optic  Lac1,2025,2025-02-28,2,Recharge,Iceburg,Fond,,0,300,
015027,Slim Optic,Lac1,Slim Optic  Lac1,2025,2025-02-28,2,Recharge,Iceburg,VITRINE,,0,300,
015019,Tony Nasr,GP9,Tony Nasr  GP9,2025,2025-02-27,2,Controle,Aromair100,ENTREE,,16,0,
015019,Tony Nasr,GP9,Tony Nasr  GP9,2025,2025-02-27,2,Recharge,Aromair100,ENTREE,,0,300,
015029,Ooredoo DSC,Charguia,Ooredoo DSC Charguia,2025,2025-02-27,2,Controle,,9ème,,0,0,
015029,Ooredoo DSC,Charguia,Ooredoo DSC Charguia,2025,2025-02-27,2,Controle,,2ème,,0,0,
015029,Ooredoo DSC,Charguia,Ooredoo DSC Charguia,2025,2025-02-27,2,Controle,,10ème,,0,0,
015029,Ooredoo DSC,Charguia,Ooredoo DSC Charguia,2025,2025-02-27,2,Recharge,,9ème,,0,300,
015029,Ooredoo DSC,Charguia,Ooredoo DSC Charguia,2025,2025-02-27,2,Recharge,,2ème,,0,300,
015029,Ooredoo DSC,Charguia,Ooredoo DSC Charguia,2025,2025-02-27,2,Recharge,,10ème,,0,300,
015026,Clinique Alyssa,Lac1,Clinique Alyssa  Lac1,2025,2025-02-28,2,Controle,Zee300,ENTREE,FM,163,0,
015026,Clinique Alyssa,Lac1,Clinique Alyssa  Lac1,2025,2025-02-28,2,Recharge,,ENTREE,FM,0,300,
015007,Residence Diamant,Soukra,Residence Palma Soukra,2025,2025-02-27,2,Controle,Aromair100,ACCAL,,189,0,
015007,Residence Diamant,Soukra,Residence Palma Soukra,2025,2025-02-27,2,Controle,Aromair100,WC,,169,0,
015007,Residence Diamant,Soukra,Residence Palma Soukra,2025,2025-02-27,2,Controle,Zee300,ENTREE,,59,0,
015007,Residence Diamant,Soukra,Residence Palma Soukra,2025,2025-02-27,2,Recharge,Zee300,ENTREE,,0,300,
015007,Residence Diamant,Soukra,Residence Palma Soukra,2025,2025-02-27,2,Recharge,Zee300,ENTREE,,0,300,
015007,Residence Diamant,Soukra,Residence Palma Soukra,2025,2025-02-27,2,Recharge,Zee300,ENTREE,,0,300,
015025,Dar Zarrouk,Sidi Bou Said,Dar Zarrouk  Sidi Bou Said,2025,2025-02-28,2,Controle,,,,0,0,Changement horaire de 17H30 à 21H
015012,Dorra Architecte,Marsa,Dorra Architecte  Marsa,2025,2025-02-27,2,Controle,Astree,Bureau,,0,0,
015012,Dorra Architecte,Marsa,Dorra Architecte  Marsa,2025,2025-02-27,2,Recharge,Astree,Bureau,,0,300,
015004,Tuniscount,Soukra,Tuniscount Soukra,2025,,,Controle,,,,0,0,
015004,Tuniscount,Soukra,Tuniscount Soukra,2025,,,Controle,,,,0,0,
015013,Ceram Home,GP9,Ceram Home  GP9,2025,2025-02-25,2,Controle,Astree,,,0,0,
015017,Boumiza Square,Sousse,Boumiza Square  Sousse,2025,2025-02-26,2,Controle,Zee600,Salon,,0,0,
015017,Boumiza Square,Sousse,Boumiza Square  Sousse,2025,2025-02-26,2,Controle,Aromair100,WC,,0,0,
015017,Boumiza Square,Sousse,Boumiza Square  Sousse,2025,2025-02-26,2,Recharge,Aromair100,WC,,0,600,
015017,Boumiza Square,Sousse,Boumiza Square  Sousse,2025,2025-02-26,2,Recharge,Aromair100,WC,,0,300,
015002,AF Collection,Soukra,AF Collection  Soukra,2025,2025-02-28,2,Controle,Astree,ENTREE,RG,79,0,
015001,Saveurs de Carthage,Jardins Carthage,Saveurs de Carthage  Jardin Carthage,2025,2025-02-28,2,Controle,,ENTREE,,155,0,
015010,City Loft,Soukra,City Loft Soukra,2025,2025-02-25,2,Controle,Aromair100,RDC,,81,0,
015010,City Loft,Soukra,City Loft Soukra,2025,2025-02-25,2,Controle,Aromair100,1er,,0,0,
015014,Mall of Sousse,Sousse,Mall of Sousse  Sousse,2025,2025-02-26,2,Controle,Aromair100,reception,RG,176,0,
015014,Mall of Sousse,Sousse,Mall of Sousse  Sousse,2025,2025-02-26,2,Controle,Astree,CANTIN,,193,0,
015014,Mall of Sousse,Sousse,Mall of Sousse  Sousse,2025,2025-02-26,2,Controle,,HALL B,LINA (L),60,0,
015014,Mall of Sousse,Sousse,Mall of Sousse  Sousse,2025,2025-02-26,2,Controle,,WC B,LINA (L),15,0,
015014,Mall of Sousse,Sousse,Mall of Sousse  Sousse,2025,2025-02-26,2,Controle,,WCF,LINA (L),0,0,
015014,Mall of Sousse,Sousse,Mall of Sousse  Sousse,2025,2025-02-26,2,Controle,,RDC,RG,0,0,
015014,Mall of Sousse,Sousse,Mall of Sousse  Sousse,2025,2025-02-26,2,Recharge,,RG,,0,300,
015014,Mall of Sousse,Sousse,Mall of Sousse  Sousse,2025,2025-02-26,2,Recharge,,RG,,0,300,
015014,Mall of Sousse,Sousse,Mall of Sousse  Sousse,2025,2025-02-26,2,Recharge,,LINA,,0,300,
015014,Mall of Sousse,Sousse,Mall of Sousse  Sousse,2025,2025-02-26,2,Recharge,,LINA,,0,300,
015014,Mall of Sousse,Sousse,Mall of Sousse  Sousse,2025,2025-02-26,2,Recharge,,RG,,0,300,
015003,Le Sportif,Soukra,Le Sportif  Soukra,2025,2025-03-06,3,Controle,Astree,ENTREE,RG,168,0,
015003,Le Sportif,Soukra,Le Sportif  Soukra,2025,2025-03-06,3,Recharge,,ENTREE,RG,0,300,
015015,Mall of Sousse,Sousse,Mall of Sousse  Sousse,2025,2025-02-26,2,Controle,Aromair100,ENTREE,LINA (L),0,0,
015015,Mall of Sousse,Sousse,Mall of Sousse  Sousse,2025,2025-02-26,2,Controle,Aromair100,WC,LINA (L),0,0,
015015,Mall of Sousse,Sousse,Mall of Sousse  Sousse,2025,2025-02-26,2,Controle,Aromair100,WC,RG,0,0,
015015,Mall of Sousse,Sousse,Mall of Sousse  Sousse,2025,2025-02-26,2,Controle,,WCF,LINA (L),0,0,
015015,Mall of Sousse,Sousse,Mall of Sousse  Sousse,2025,2025-02-26,2,Controle,,WCH,LINA (L),0,0,
015015,Mall of Sousse,Sousse,Mall of Sousse  Sousse,2025,2025-02-26,2,Controle,,B.R.,TH,0,0,
015015,Mall of Sousse,Sousse,Mall of Sousse  Sousse,2025,2025-02-26,2,Recharge,Aromair100,ENTREE,,0,300,
015015,Mall of Sousse,Sousse,Mall of Sousse  Sousse,2025,2025-02-26,2,Recharge,Aromair100,WC,,0,300,
015015,Mall of Sousse,Sousse,Mall of Sousse  Sousse,2025,2025-02-26,2,Recharge,Aromair100,WC,,0,300,
015015,Mall of Sousse,Sousse,Mall of Sousse  Sousse,2025,2025-02-26,2,Recharge,,WCF,,0,300,
015015,Mall of Sousse,Sousse,Mall of Sousse  Sousse,2025,2025-02-26,2,Recharge,,WCH,,0,300,
015015,Mall of Sousse,Sousse,Mall of Sousse  Sousse,2025,2025-02-26,2,Recharge,,B.R.,,0,300,
014791,Enzo,Menzah6,Enzo Menzah6,2025,2025-02-07,2,Controle,Aromair100,ENTREE,FE3,0,0,
014791,Enzo,Menzah6,Enzo Menzah6,2025,2025-02-07,2,Controle,Aromair100,étage,FE3,0,0,
014791,Enzo,Menzah6,Enzo Menzah6,2025,2025-02-07,2,Recharge,Aromair100,ENTREE,FE3,0,300,
014791,Enzo,Menzah6,Enzo Menzah6,2025,2025-02-07,2,Recharge,Aromair100,étage,FE3,0,300,
015011,Ligne roset,Marsa,Ligne roset Marsa,2025,2025-02-25,2,Controle,Astree,Salon,,0,0,
014799,Padel Connection,Ariana,Padel Connection Ariana,2025,2025-02-27,2,Controle,,ENTREE,,283,0,
014799,Padel Connection,Ariana,Padel Connection Ariana,2025,2025-02-27,2,Controle,Aromair100,Fond,,147,0,
014800,716,CUN,716 CUN,2025,2025-02-28,2,Recharge,,,,0,300,
014798,Equipement Concept,Soukra,Equipement Concept Soukra,2025,2025-02-01,2,Controle,Astree,RDC,RG,12,0,
014798,Equipement Concept,Soukra,Equipement Concept Soukra,2025,2025-02-01,2,Controle,Astree,1er,RG,0,0,
014798,Equipement Concept,Soukra,Equipement Concept Soukra,2025,2025-02-01,2,Recharge,,ENTREE,,0,300,
014798,Equipement Concept,Soukra,Equipement Concept Soukra,2025,2025-02-01,2,Recharge,,ENTREE,,0,300,
015020,Dr Fodha,Lac2,Dr Fodha  Lac2,2025,2025-02-07,2,Controle,,,,0,0,
015009,Energy Car,Menzah6,Energy Car  Menzah6,2025,2025-02-28,2,Controle,Astree,Salle,TH,0,0,
015057,A Table,Lac1,A Table  Lac1,2025,2025-03-10,3,Controle,Astree,Salon,,43,0,
015056,Global Studies,Lac2,Global Studies Lac2,2025,2025-03-19,3,Controle,Astree,ENTREE,,28,0,
015056,Global Studies,Lac2,Global Studies Lac2,2025,2025-03-19,3,Recharge,,ENTREE,,0,300,
015051,Arena Gym,Soukra,Arena Gym Soukra,2025,2025-02-10,2,Controle,Aromair100,ENTREE,,148,0,
015063,Future Generation,Aouina,Future Generation Aouina,2025,2025-03-12,3,Controle,Aromair100,Accal,,13,0,
015063,Future Generation,Aouina,Future Generation Aouina,2025,2025-03-12,3,Recharge,,Fond,,0,150,
015066,Optivision,Jardin d'El Menzah,Optivision Jardin d'El Menzah,2025,2025-03-12,3,Controle,Astree,ENTREE,,239,0,
015059,Poliform,Soukra,Poliform Soukra,2025,2025-03-11,3,Controle,Aromair100,Com,RG,0,0,
015061,Global Studies,Lac2,Global Studies Lac2,2025,2025-03-11,3,Controle,Aromair100,WC,,0,0,
015061,Global Studies,Lac2,Global Studies Lac2,2025,2025-03-11,3,Recharge,,ENTREE,,0,300,
015068,Dr Slim Kassar,Berges du Lac,Dr Slim Kassar Berges du Lac,2025,2025-03-12,3,Controle,Astree,ENTREE,,0,0,
015068,Dr Slim Kassar,Berges du Lac,Dr Slim Kassar Berges du Lac,2025,2025-03-12,3,Controle,Aromair100,Fond,TH,169,0,
015069,A Table,Lac1,A Table  Lac1,2025,2025-03-12,3,Controle,Aromair100,ENTREE,,49,0,
015069,A Table,Lac1,A Table  Lac1,2025,2025-03-12,3,Recharge,Aromair100,ENTREE,,0,300,
015052,716,CUN,716 CUN,2025,2025-03-06,3,Controle,Aromair100,Salon,,0,0,
015052,716,CUN,716 CUN,2025,2025-03-06,3,Recharge,,,,0,150,
015060,Innov8,Ariana,Innov8 Ariana,2025,2025-03-11,3,Controle,Zee300,RDC,,0,0,
015060,Innov8,Ariana,Innov8 Ariana,2025,2025-03-11,3,Controle,Zee300,"""-1""",,77,0,
015060,Innov8,Ariana,Innov8 Ariana,2025,2025-03-11,3,Controle,Zee300,"""-1""",,58,0,
015060,Innov8,Ariana,Innov8 Ariana,2025,2025-03-11,3,Recharge,Zee300,RDC,,0,300,
015060,Innov8,Ariana,Innov8 Ariana,2025,2025-03-11,3,Recharge,Zee300,"""-1""",,0,300,
015060,Innov8,Ariana,Innov8 Ariana,2025,2025-03-11,3,Recharge,Zee300,"""-1""",,0,300,
015049,716,CUN,716 CUN,2025,2025-03-06,3,Controle,Aromair100,WC,,161,0,
015055,Maison Mme Dridi,Soukra,Maison Mme Dridi Soukra,2025,2025-02-19,2,Controle,Aromair100,ENTREE,TH,211,0,
015058,A Table,Lac1,A Table Lac1,2025,2025-03-10,3,Controle,Astree,Fond,,142,0,
015065,Poliform,Soukra,Poliform Soukra,2025,2025-03-17,3,Recharge,,ENTREE,,0,300,
015054,Armani Mall,Lac2,Armani Mall Lac2,2025,2025-03-06,3,Controle,Aromair100,Salle,,61,0,
015054,Armani Mall,Lac2,Armani Mall Lac2,2025,2025-03-06,3,Recharge,Aromair100,Salle,,0,300,
015062,Baya Deco,Marsa,Baya Deco  Marsa,2025,2025-03-11,3,Controle,Astree,ENTREE,,0,0,
015029,Ooredoo DSC,Charguia,Ooredoo DSC Charguia,2025,2025-02-27,2,Controle,,9ème,,0,0,
015029,Ooredoo DSC,Charguia,Ooredoo DSC Charguia,2025,2025-02-27,2,Controle,,2ème,,0,0,
015029,Ooredoo DSC,Charguia,Ooredoo DSC Charguia,2025,2025-02-27,2,Controle,,10ème,,0,0,
015029,Ooredoo DSC,Charguia,Ooredoo DSC Charguia,2025,2025-02-27,2,Recharge,,9ème,,0,300,
015029,Ooredoo DSC,Charguia,Ooredoo DSC Charguia,2025,2025-02-27,2,Recharge,,2ème,,0,300,
015029,Ooredoo DSC,Charguia,Ooredoo DSC Charguia,2025,2025-02-27,2,Recharge,,10ème,,0,300,
015026,Clinique Alyssa,Lac1,Clinique Alyssa  Lac1,2025,2025-02-28,2,Controle,Zee300,ENTREE,FM,163,0,
015026,Clinique Alyssa,Lac1,Clinique Alyssa  Lac1,2025,2025-02-28,2,Recharge,,ENTREE,FM,0,300,
015007,Palma,Soukra,Palma Soukra,2025,2025-02-27,2,Controle,Aromair100,ACCAL,,189,0,
015007,Palma,Soukra,Palma Soukra,2025,2025-02-27,2,Controle,Aromair100,WC,,169,0,
015007,Palma,Soukra,Palma Soukra,2025,2025-02-27,2,Controle,Zee300,ENTREE,,59,0,
015007,Palma,Soukra,Palma Soukra,2025,2025-02-27,2,Recharge,,ENTREE,,0,300,
015007,Palma,Soukra,Palma Soukra,2025,2025-02-27,2,Recharge,,ENTREE,,0,300,
015007,Palma,Soukra,Palma Soukra,2025,2025-02-27,2,Recharge,,ENTREE,,0,300,
015025,Dar Zarrouk,Sidi Bou Said,Dar Zarrouk  Sidi Bou Said,2025,2025-02-28,2,Controle,,,,0,0,
015021,Residence Khadija,Jardins Carthage,Residence Khadija Jardins Cathage,2025,2025-02-27,2,Controle,Zee300,ENTREE,,0,0,
015021,Residence Khadija,Jardins Carthage,Residence Khadija Jardins Cathage,2025,2025-02-27,2,Recharge,Zee300,ENTREE,,0,300,
015022,Villa Didon,Carthage,Villa Didon Carthage,2025,2025-02-27,2,Controle,Zee300,ENTREE,,79,0,
015022,Villa Didon,Carthage,Villa Didon Carthage,2025,2025-02-27,2,Recharge,Zee300,ENTREE,,0,600,
015018,Ceram Home,GP9,Ceram Home  GP9,2025,2025-02-27,2,Controle,,,,0,0,
015024,Obioskin,Menzah9,Obioskin  Menzah9,2025,2025-02-27,2,Controle,Aromair100,ENTREE,,0,0,
015024,Obioskin,Menzah9,Obioskin  Menzah9,2025,2025-02-27,2,Recharge,,ENTREE,,0,300,
015028,Game Production,GP9,Game Production  GP9,2025,2025-02-28,2,Controle,,Salle,,0,0,
015028,Game Production,GP9,Game Production  GP9,2025,2025-02-28,2,Recharge,,Salle,,0,300,
015008,City Loft,Soukra,City Loft  Soukra,2025,2025-02-27,2,Controle,,,,0,0,
015027,Slim Optic,Lac1,Slim Optic  Lac1,2025,2025-02-28,2,Controle,Iceburg,Fond,,72,0,
015027,Slim Optic,Lac1,Slim Optic  Lac1,2025,2025-02-28,2,Controle,Iceburg,VITRINE,,0,0,
015027,Slim Optic,Lac1,Slim Optic  Lac1,2025,2025-02-28,2,Recharge,Iceburg,Fond,,0,300,
015027,Slim Optic,Lac1,Slim Optic  Lac1,2025,2025-02-28,2,Recharge,Iceburg,VITRINE,,0,300,
015019,Tony Nasr,GP9,Tony Nasr  GP9,2025,2025-02-27,2,Controle,Aromair100,ENTREE,,16,0,
015019,Tony Nasr,GP9,Tony Nasr  GP9,2025,2025-02-27,2,Recharge,Aromair100,ENTREE,,0,300,
015611,HG Ykone,Lac1,HG Ykone Lac1,2025,2025-04-05,4,Controle,Zee300,,,479,0,
015611,HG Ykone,Lac1,HG Ykone Lac1,2025,2025-04-05,4,Controle,Astree,,S,102,0,
015611,HG Ykone,Lac1,HG Ykone Lac1,2025,2025-04-05,4,Controle,Astree,,,74,0,
015611,HG Ykone,Lac1,HG Ykone Lac1,2025,2025-04-05,4,Controle,Astree,,,453,0,
015614,Ooredoo,Lac2,Ooredoo  Lac2,2025,2025-04-03,4,Controle,Zee300,,,119,0,
015614,Ooredoo,Lac2,Ooredoo  Lac2,2025,2025-04-03,4,Controle,Aromair100,,,0,0,
015614,Ooredoo,Lac2,Ooredoo  Lac2,2025,2025-04-03,4,Controle,Aromair100,,,75,0,
015614,Ooredoo,Lac2,Ooredoo  Lac2,2025,2025-04-03,4,Controle,Aromair100,,,270,0,
015614,Ooredoo,Lac2,Ooredoo  Lac2,2025,2025-04-03,4,Controle,Aromair100,,,0,0,
015614,Ooredoo,Lac2,Ooredoo  Lac2,2025,2025-04-03,4,Recharge,,,FO,0,300,
015614,Ooredoo,Lac2,Ooredoo  Lac2,2025,2025-04-03,4,Recharge,,2h,FO,0,300,
015614,Ooredoo,Lac2,Ooredoo  Lac2,2025,2025-04-03,4,Recharge,,Tam,FO,0,300,
015500,Pharmacie Victoria,Lac1,Pharmacie Victoria Lac1,2025,2025-04-03,4,Controle,Aromair100,ENTREE,FE3,68,0,
015624,716,Menzah6,716 Menzah6,2025,2025-04-02,4,Controle,Zee300,ENTREE,FM,250,0,
015624,716,Menzah6,716 Menzah6,2025,2025-04-02,4,Controle,Zee300,ENTREE,FM,250,0,
015624,716,Menzah6,716 Menzah6,2025,2025-04-02,4,Controle,Zee300,ENTREE,FM,250,0,
015624,716,Menzah6,716 Menzah6,2025,2025-04-02,4,Controle,Aromair100,,FM,32,0,
015624,716,Menzah6,716 Menzah6,2025,2025-04-02,4,Controle,Aromair100,,,37,0,
015612,A Table,Marsa,A Table Marsa,2025,2025-04-03,4,Controle,Astree,ENTREE,,400,0,
015602,Red Castle,Aouina,Red Castle Aouina,2025,2025-04-02,4,Recharge,,,,0,0,
015613,Meuble Karray,Soukra,Meuble Karray Soukra,2025,2025-04-03,4,Controle,Astree,RDC,,148,0,
015613,Meuble Karray,Soukra,Meuble Karray Soukra,2025,2025-04-03,4,Controle,Astree,"""-1""",RG,854,0,
015613,Meuble Karray,Soukra,Meuble Karray Soukra,2025,2025-04-03,4,Controle,Astree,+3,,151,0,
015601,Ceram,Mnihla,Ceram  Mnihla,2025,2025-04-02,4,Controle,Zee300,all put,TH,394,0,
015601,Ceram,Mnihla,Ceram  Mnihla,2025,2025-04-02,4,Recharge,,au/pal,TH,0,550,
015606,SSTC,Lac1,SSTC Lac1,2025,2025-04-04,4,Controle,Iceburg,ENTREE,MR,259,0,
015623,Kantaoui Bey,Sousse,Kantaoui Bey  Sousse,2025,2025-04-05,4,Controle,,,,0,0,"LIV 2 x 1000 CTA1 + CTA2, 600 ml NEROLI SPA Ssox."
015500,El Mnara,Sidi Bou Said,El Mnara  Sidi Bou Said,2025,2025-04-02,4,Controle,Zee300,ENTREE,FM,173,0,
015500,El Mnara,Sidi Bou Said,El Mnara  Sidi Bou Said,2025,2025-04-02,4,Controle,Zee300,"""-1""",FM,0,0,
015500,El Mnara,Sidi Bou Said,El Mnara  Sidi Bou Said,2025,2025-04-02,4,Controle,Zee300,"""-1""",FM,0,0,
015500,El Mnara,Sidi Bou Said,El Mnara  Sidi Bou Said,2025,2025-04-02,4,Recharge,,,FM,0,300,
015500,El Mnara,Sidi Bou Said,El Mnara  Sidi Bou Said,2025,2025-04-02,4,Recharge,Zee300,"""-1""",FM,0,300,
015500,El Mnara,Sidi Bou Said,El Mnara  Sidi Bou Said,2025,2025-04-02,4,Recharge,Zee300,"""-1""",FM,0,300,
015500,Armatis,Lac1,Armatis Lac1,2025,2025-04-02,4,Recharge,,ENTREE,FC,0,300,
015629,Lord,Soukra,Lord  Soukra,2025,2025-04-07,4,Controle,Iceburg,,RG,223,0,
015629,Lord,Soukra,Lord  Soukra,2025,2025-04-07,4,Controle,Aromair100,,,46,0,
015631,Edward's,Sfax Kayed Mohamed,Edward's  Sfax Kayed Mohamed,2025,2025-04-07,4,Controle,Aromair100,Wifi,,193,0,
015631,Edward's,Sfax Kayed Mohamed,Edward's  Sfax Kayed Mohamed,2025,2025-04-07,4,Controle,Aromair100,,,178,0,
015631,Edward's,Sfax Kayed Mohamed,Edward's  Sfax Kayed Mohamed,2025,2025-04-07,4,Controle,,,,249,0,
015631,Edward's,Sfax Kayed Mohamed,Edward's  Sfax Kayed Mohamed,2025,2025-04-07,4,Controle,Aromair100,ENTREE,,162,0,
015631,Edward's,Sfax Kayed Mohamed,Edward's  Sfax Kayed Mohamed,2025,2025-04-07,4,Recharge,,,,0,300,
015628,Indigo,Charguia1,Indigo Charguia1,2025,2025-04-07,4,Controle,Aromair600,CDS,,189,0,
015628,Indigo,Charguia1,Indigo Charguia1,2025,2025-04-07,4,Controle,Aromair600,TBL,,393,0,
015628,Indigo,Charguia1,Indigo Charguia1,2025,2025-04-07,4,Recharge,Aromair600,CDS,,0,300,
015628,Indigo,Charguia1,Indigo Charguia1,2025,2025-04-07,4,Recharge,,,,0,173,
015627,Asteel Flash,Soukra,Asteel Flash Soukra,2025,2025-04-07,4,Controle,Aromair100,BL1RDC,FE3,1,0,
015627,Asteel Flash,Soukra,Asteel Flash Soukra,2025,2025-04-07,4,Controle,Aromair100,BL2A,FE3,0,0,
015627,Asteel Flash,Soukra,Asteel Flash Soukra,2025,2025-04-07,4,Controle,Aromair100,RDC,FE3,46,0,
015627,Asteel Flash,Soukra,Asteel Flash Soukra,2025,2025-04-07,4,Controle,Aromair100,BL2A + L,FE3,26,0,
015627,Asteel Flash,Soukra,Asteel Flash Soukra,2025,2025-04-07,4,Controle,Aromair100,BL2A + L,FE3,17,0,
015627,Asteel Flash,Soukra,Asteel Flash Soukra,2025,2025-04-07,4,Controle,Aromair100,RDC,FE3,0,0,
015627,Asteel Flash,Soukra,Asteel Flash Soukra,2025,2025-04-07,4,Controle,Aromair100,RDC,FE3,0,0,
015627,Asteel Flash,Soukra,Asteel Flash Soukra,2025,2025-04-07,4,Controle,Aromair100,BL2RDC,FE3,0,0,
015627,Asteel Flash,Soukra,Asteel Flash Soukra,2025,2025-04-07,4,Controle,Aromair100,ENTREE(D),FE3,1,0,
015627,Asteel Flash,Soukra,Asteel Flash Soukra,2025,2025-04-07,4,Recharge,Aromair100,BL1RDC,FE3,0,300,
015627,Asteel Flash,Soukra,Asteel Flash Soukra,2025,2025-04-07,4,Recharge,Aromair100,BL2A,FE3,0,300,
015627,Asteel Flash,Soukra,Asteel Flash Soukra,2025,2025-04-07,4,Recharge,,RDC,FE3,0,300,
015627,Asteel Flash,Soukra,Asteel Flash Soukra,2025,2025-04-07,4,Recharge,,BL2A L,FE3,0,300,
015627,Asteel Flash,Soukra,Asteel Flash Soukra,2025,2025-04-07,4,Recharge,,BL2A L,FE3,0,300,
015627,Asteel Flash,Soukra,Asteel Flash Soukra,2025,2025-04-07,4,Recharge,,RDC,FE3,0,300,
015627,Asteel Flash,Soukra,Asteel Flash Soukra,2025,2025-04-07,4,Recharge,,RDC,FE3,0,300,
015627,Asteel Flash,Soukra,Asteel Flash Soukra,2025,2025-04-07,4,Recharge,Aromair100,BL2RDC,FE3,0,300,
015625,Obioskin,Menzah9,Obioskin  Menzah9,2025,2025-04-07,4,Controle,Astree,ENTREE,FE3,3,0,
015638,Lake Tower,Lac2,Lake Tower Lac2,2025,2025-04-08,4,Controle,Aromair100,Wifi,CASH,0,0,
015638,Lake Tower,Lac2,Lake Tower Lac2,2025,2025-04-08,4,Recharge,,15 Jun,,0,300,
015639,Violette,Kram,Violette Kram,2025,2025-04-08,4,Controle,,,,0,0,
015639,Violette,Kram,Violette Kram,2025,2025-04-08,4,Controle,,,,0,0,
015639,Violette,Kram,Violette Kram,2025,2025-04-08,4,Controle,,,,0,0,
015618,Imen ABBES,,Imen ABBES,2025,2025-04-08,4,Controle,Astree,Salon,TH,300,0,
015635,OACA,Charguia,OACA Charguia,2025,2025-04-08,4,Controle,Iceburg,SA,NEROLI,197,0,
015635,OACA,Charguia,OACA Charguia,2025,2025-04-08,4,Controle,Iceburg,SA,,0,0,
015635,OACA,Charguia,OACA Charguia,2025,2025-04-08,4,Controle,Iceburg,BVDs,,290,0,
015635,OACA,Charguia,OACA Charguia,2025,2025-04-08,4,Controle,Iceburg,53/12,,30,0,
015635,OACA,Charguia,OACA Charguia,2025,2025-04-08,4,Controle,Iceburg,53/2,,23,0,
015635,OACA,Charguia,OACA Charguia,2025,2025-04-08,4,Controle,Iceburg,BVDs,,0,0,
015635,OACA,Charguia,OACA Charguia,2025,2025-04-08,4,Controle,Iceburg,OACI,,0,0,
015635,OACA,Charguia,OACA Charguia,2025,2025-04-08,4,Recharge,Iceburg,SA,NEROLI,0,300,
015635,OACA,Charguia,OACA Charguia,2025,2025-04-08,4,Recharge,Iceburg,SA,,0,300,
015635,OACA,Charguia,OACA Charguia,2025,2025-04-08,4,Recharge,Iceburg,53/12,,0,300,
015635,OACA,Charguia,OACA Charguia,2025,2025-04-08,4,Recharge,Iceburg,BVDs,,0,300,
015635,OACA,Charguia,OACA Charguia,2025,2025-04-08,4,Recharge,,siege,NEROLI,0,300,
015622,Mouradi Palace,Sousse,Mouradi Palace  Sousse,2025,2025-04-05,4,Controle,Aromair100,,,0,0,
015622,Mouradi Palace,Sousse,Mouradi Palace  Sousse,2025,2025-04-05,4,Recharge,,CTA,,0,1000,
015621,Mall of Sousse,Sousse,Mall of Sousse  Sousse,2025,2025-04-05,4,Controle,Aromair600,MAXI,RG,0,0,
015621,Mall of Sousse,Sousse,Mall of Sousse  Sousse,2025,2025-04-05,4,Controle,Aromair100,,LINA (L),0,0,
015621,Mall of Sousse,Sousse,Mall of Sousse  Sousse,2025,2025-04-05,4,Controle,Aromair100,,,0,0,
015621,Mall of Sousse,Sousse,Mall of Sousse  Sousse,2025,2025-04-05,4,Controle,Aromair100,,,0,0,
015615,Soquibat,Lac1,Soquibat Lac1,2025,2025-04-04,4,Controle,Astree,ENTREE,CASH,114,0,
015634,Marck Olivier,Soukra,Marck Olivier Soukra,2025,2025-04-07,4,Controle,Astree,Panel,FE2,288,0,
015634,Marck Olivier,Soukra,Marck Olivier Soukra,2025,2025-04-07,4,Controle,Astree,ENTREE,FE2,244,0,
015634,Marck Olivier,Soukra,Marck Olivier Soukra,2025,2025-04-07,4,Controle,Astree,ENTREE,FE2,229,0,
015633,Oishi,Soukra,Oishi Soukra,2025,2025-04-07,4,Recharge,,ENTREE,,0,300,
015632,716,CUN,716 CUN,2025,2025-04-07,4,Controle,Iceburg,ENTREE,,89,0,
015406,Armani Mall,Lac2,Armani Mall Lac2,2025,2025-04-10,4,Controle,Aromair100,,RG,249,0,
015405,Diesel Mall,Lac2,Diesel Mall  Lac2,2025,2025-04-10,4,Controle,Aromair100,,TH,154,0,
015403,ITDev,Lac3,ITDev Lac3,2025,2025-04-09,4,Controle,Zee300,,RG,112,0,
015403,ITDev,Lac3,ITDev Lac3,2025,2025-04-09,4,Recharge,,ENTREE,RG,0,300,
015640,716,CUN,716 CUN,2025,2025-04-09,4,Controle,Aromair100,,PC,0,0,
015640,716,CUN,716 CUN,2025,2025-04-09,4,Recharge,,,PC,0,300,
015641,Residence Khadija,Jardins Carthage,Residence Khadija Jardins Cathage,2025,2025-04-09,4,Controle,Iceburg,,FE2,136,0,
015643,Meuble Karray,Soukra,Meuble Karray Soukra,2025,2025-04-09,4,Controle,Astree,,RG,254,0,
015402,716,CUN,716 CUN,2025,2025-04-10,4,Controle,,,,0,0,
015642,716,CUN,716 CUN,2025,2025-04-09,4,Controle,Aromair100,,FO,0,0,
015642,716,CUN,716 CUN,2025,2025-04-09,4,Controle,Aromair100,,FO,182,0,
015642,716,CUN,716 CUN,2025,2025-04-09,4,Recharge,,Comptoir,CASH,0,150,
015401,Dar Said,Ariana,ARS Ariana Ariana,2025,2025-04-10,4,Controle,Aromair100,,,0,0,
015401,Dar Said,Ariana,ARS Ariana Ariana,2025,2025-04-10,4,Controle,Astree,,,290,0,
015401,Dar Said,Ariana,ARS Ariana Ariana,2025,2025-04-10,4,Controle,Aromair100,,,0,0,
015401,Dar Said,Ariana,ARS Ariana Ariana,2025,2025-04-10,4,Controle,Astree,,,0,0,
015401,Dar Said,Ariana,ARS Ariana Ariana,2025,2025-04-10,4,Recharge,,,,0,300,
015401,Dar Said,Ariana,ARS Ariana Ariana,2025,2025-04-10,4,Recharge,,RDC,,0,300,
015401,Dar Said,Ariana,ARS Ariana Ariana,2025,2025-04-10,4,Recharge,,,,0,300,
015401,Dar Said,Ariana,ARS Ariana Ariana,2025,2025-04-10,4,Recharge,,,,0,300,
015650,Padel,Soukra,Padel  Soukra,2025,2025-04-10,4,Controle,Aromair100,,LINA (L),114,0,
015650,Padel,Soukra,Padel  Soukra,2025,2025-04-10,4,Controle,Aromair100,,,0,0,
015650,Padel,Soukra,Padel  Soukra,2025,2025-04-10,4,Controle,Zee300,salle,FO,84,0,
015650,Padel,Soukra,Padel  Soukra,2025,2025-04-10,4,Recharge,,WCF,LINA (L),0,187,
015650,Padel,Soukra,Padel  Soukra,2025,2025-04-10,4,Recharge,,WCH,,0,300,
015644,Arena Gym,Soukra,Arena Gym Soukra,2025,2025-04-09,4,Controle,Aromair100,,MY (M),98,0,
015645,Villa Misk,Sidi Bou Said,Villa Misk Sidi Bou Said,2025,2025-04-09,4,Controle,Astree,ENTREE,,220,0,
015646,Edward's,Soukra,Edward's  Soukra,2025,2025-04-09,4,Controle,,,,0,0,
015648,Game Production,GP9,Game Production GP9,2025,2025-04-09,4,Controle,Zee300,ENTREE,,534,0,
015636,Sunset Padel,Ghazela,STMI Ghazela Ghazela,2025,2025-04-09,4,Controle,Aromair100,,,250,0,
015409,Geox,Carrefour Marsa,Geox  Carrefour Marsa,2025,2025-04-10,4,Controle,Aromair100,ENTREE,FE3,88,0,
015409,Geox,Carrefour Marsa,Geox  Carrefour Marsa,2025,2025-04-10,4,Recharge,Aromair100,ENTREE,FE3,0,300,
015410,Pharmacie Jihen Ghedas,Sousse,Pharmacie Jihen Ghedas Sousse,2025,2025-04-11,4,Controle,Astree,ENTREE,FE2,0,0,
015410,Pharmacie Jihen Ghedas,Sousse,Pharmacie Jihen Ghedas Sousse,2025,2025-04-11,4,Recharge,Astree,ENTREE,FE2,0,200,
015415,Coin Beaute & SPA,Menzah5,Coin Beaute & SPA Menzah5,2025,2025-04-11,4,Controle,Astree,ENTREE,MEL,0,0,
015415,Coin Beaute & SPA,Menzah5,Coin Beaute & SPA Menzah5,2025,2025-04-11,4,Recharge,,,MEL,0,300,
015419,Game Production,GP9,Game Production  GP9,2025,2025-04-12,4,Controle,Aromair100,,FO,0,0,
015419,Game Production,GP9,Game Production  GP9,2025,2025-04-12,4,Recharge,Zee300,ENTREE,FO,0,300,
015416,Alia Megdiche,Sfax,Alia Megdiche Sfax,2025,2025-04-11,4,Controle,Aromair100,ENTREE,RG,126,0,
015416,Alia Megdiche,Sfax,Alia Megdiche Sfax,2025,2025-04-11,4,Recharge,Aromair100,ENTREE,RG,0,300,
015417,Camomile,Gremda,Camomile  Gremda,2025,2025-04-11,4,Controle,Iceburg,ENTREE,FC,117,0,
015417,Camomile,Gremda,Camomile  Gremda,2025,2025-04-11,4,Recharge,Iceburg,ENTREE,FC,0,300,
015428,Tony Nasr,Jardin d'El Menzah,Tony Nasr Jardin d'El Menzah,2025,2025-04-12,4,Controle,Aromair100,Patio,FE3,47,0,
015428,Tony Nasr,Jardin d'El Menzah,Tony Nasr Jardin d'El Menzah,2025,2025-04-12,4,Recharge,Aromair100,ENTREE,FE3,0,300,
015429,Maison Audi,La Goulette,Maison Audi La Goulette,2025,2025-04-12,4,Controle,Zee300,ENTREE,V,250,0,
015429,Maison Audi,La Goulette,Maison Audi La Goulette,2025,2025-04-12,4,Controle,Zee300,ENTREE,V,257,0,
015408,716,CUN,716 CUN,2025,2025-04-10,4,Controle,Iceburg,Bureau,TH,53,0,
015413,Edward's,Sfax Kayed Mohamed,Edward's  Sfax Kayed Mohamed,2025,2025-04-11,4,Controle,Iceburg,RDC,MY (M),62,0,
015413,Edward's,Sfax Kayed Mohamed,Edward's  Sfax Kayed Mohamed,2025,2025-04-11,4,Controle,Iceburg,au fond,,189,0,
015413,Edward's,Sfax Kayed Mohamed,Edward's  Sfax Kayed Mohamed,2025,2025-04-11,4,Recharge,Iceburg,RDC,MY (M),0,300,
015412,Edward's,Sfax Kayed Mohamed,Edward's Sfax Kayed Mohamed,2025,2025-04-11,4,Controle,Iceburg,RDC,,0,0,
015412,Edward's,Sfax Kayed Mohamed,Edward's Sfax Kayed Mohamed,2025,2025-04-11,4,Recharge,Iceburg,RDC,,0,300,
015421,Camomile,Soukra,Camomile  Soukra,2025,2025-04-12,4,Controle,Iceburg,RDC,FC,0,0,
015421,Camomile,Soukra,Camomile  Soukra,2025,2025-04-12,4,Recharge,Iceburg,RDC,FC,0,300,
015425,Barista's,Ariana,Barista's  Ariana,2025,2025-04-12,4,Controle,Aromair100,,FE3,0,0,
015425,Barista's,Ariana,Barista's  Ariana,2025,2025-04-12,4,Recharge,,WC,FE3,0,700,
015424,Maison Porshe,La Goulette,Maison Porshe La Goulette,2025,2025-04-14,4,Controle,Zee300,ENTREE,RG,0,0,
015424,Maison Porshe,La Goulette,Maison Porshe La Goulette,2025,2025-04-14,4,Recharge,Zee300,ENTREE,RG,0,300,
015422,AF Collection,Soukra,AF Collection  Soukra,2025,2025-04-12,4,Controle,Astree,RDC,RG,130,0,
015422,AF Collection,Soukra,AF Collection  Soukra,2025,2025-04-12,4,Controle,Astree,"""-1""",RG,211,0,
015426,Le Monde est Petit,Jardin d'El Menzah,Le Monde est Petit   Jardin d'El Menzah,2025,2025-04-12,4,Controle,Aromair100,ENTREE,FO,0,0,
015426,Le Monde est Petit,Jardin d'El Menzah,Le Monde est Petit   Jardin d'El Menzah,2025,2025-04-12,4,Recharge,Aromair100,ENTREE,FO,0,300,
015427,Da Pietro,Jardin d'El Menzah,Da Pietro  Jardin d'El Menzah,2025,2025-04-12,4,Controle,Aromair100,ENTREE,RU,177,0,
015427,Da Pietro,Jardin d'El Menzah,Da Pietro  Jardin d'El Menzah,2025,2025-04-12,4,Controle,Aromair100,Comptoir,RU,217,0,
015423,Barista's,Ariana,Barista's  Ariana,2025,2025-04-12,4,Controle,,,,0,0,
015423,Barista's,Ariana,Barista's  Ariana,2025,2025-04-12,4,Recharge,,WC,FE3,0,300,
015448,Pharmacie Sadri,Lac2,Pharmacie Sadri  Lac2,2025,2025-04-17,4,Controle,Astree,ENTREE,FO,74,0,
015448,Pharmacie Sadri,Lac2,Pharmacie Sadri  Lac2,2025,2025-04-17,4,Controle,Aromair100,1er,FE2,43,0,
015448,Pharmacie Sadri,Lac2,Pharmacie Sadri  Lac2,2025,2025-04-17,4,Recharge,Astree,ENTREE,RG,0,300,
015432,SCPC,Mnihla,SCPC Mnihla,2025,2025-04-14,4,Controle,Astree,Comptoir,FE3,39,0,
015432,SCPC,Mnihla,SCPC Mnihla,2025,2025-04-14,4,Recharge,Astree,Comptoir,FE3,0,300,
015436,Polyclinique Les Jasmins,CUN,Polyclinique Les Jasmins CUN,2025,2025-04-14,4,Controle,Astree,ENTREE,TB,288,0,
015438,JC,Bardo,JC  Bardo,2025,2025-04-15,4,Controle,Astree,ENTREE,FO,0,0,
015439,Ami Voyage,Lafayette,Ami Voyage Lafayette,2025,2025-04-15,4,Controle,Astree,au fond,FE2,0,0,
015439,Ami Voyage,Lafayette,Ami Voyage Lafayette,2025,2025-04-15,4,Recharge,,Fond,FE2,0,300,
015440,Pharmacie de Nuit Maher Guiga,Bardo,Pharmacie de Nuit Maher Guiga Bardo,2025,2025-04-15,4,Controle,Aromair100,Caisse,FE2,0,0,
015440,Pharmacie de Nuit Maher Guiga,Bardo,Pharmacie de Nuit Maher Guiga Bardo,2025,2025-04-15,4,Controle,Aromair100,Rana,FE2,0,0,
015440,Pharmacie de Nuit Maher Guiga,Bardo,Pharmacie de Nuit Maher Guiga Bardo,2025,2025-04-15,4,Recharge,Aromair100,Caisse,FE2,0,300,
015440,Pharmacie de Nuit Maher Guiga,Bardo,Pharmacie de Nuit Maher Guiga Bardo,2025,2025-04-15,4,Recharge,Aromair100,Rana,FE2,0,300,
015441,Barista's,Bardo,Barista's  Bardo,2025,2025-04-15,4,Controle,Aromair100,WC,FE3,0,0,
015442,Dr Adel Soukni,Marsa,Dr Adel Soukni  Marsa,2025,2025-04-15,4,Controle,Iceburg,Cabinet,TH,140,0,
015444,Pharmacie Neffousi,Marsa,Pharmacie Neffousi  Marsa,2025,2025-04-15,4,Controle,Aromair100,ENTREE,FC,91,0,
015445,Camomile,Soukra,Camomile  Soukra,2025,2025-04-15,4,Controle,Iceburg,1er etage,FC,0,0,
015445,Camomile,Soukra,Camomile  Soukra,2025,2025-04-15,4,Controle,Iceburg,1er etage,FC,0,0,
015445,Camomile,Soukra,Camomile  Soukra,2025,2025-04-15,4,Recharge,,,FC,0,300,
015445,Camomile,Soukra,Camomile  Soukra,2025,2025-04-15,4,Recharge,,,FC,0,300,
015451,Renault,Charguia,Renault Charguia,2025,2025-04-16,4,Controle,Astree,Bureau,RG,30,0,
015451,Renault,Charguia,Renault Charguia,2025,2025-04-16,4,Controle,Astree,salle d'attente,RG,40,0,
015430,JC,GP9,JC  GP9,2025,2025-04-16,4,Controle,Iceburg,ENTREE,FE3,0,0,
015430,JC,GP9,JC  GP9,2025,2025-04-16,4,Recharge,Iceburg,ENTREE,FE3,0,300,
015431,Padel,Soukra,Padel  Soukra,2025,2025-04-16,4,Controle,Zee300,Salle,FM,83,0,
015431,Padel,Soukra,Padel  Soukra,2025,2025-04-16,4,Recharge,Zee300,Salle,FE3,0,600,
015437,Equipement Concept,Soukra,Equipement Concept  Soukra,2025,2025-04-14,4,Controle,Astree,RDC,RG,106,0,
015437,Equipement Concept,Soukra,Equipement Concept  Soukra,2025,2025-04-14,4,Controle,Astree,1er,RG,19,0,
015443,A Table,Marsa,A Table  Marsa,2025,2025-04-15,4,Controle,Astree,Boutique,FC,118,0,
015454,Focus,Marsa,Focus  Marsa,2025,2025-04-16,4,Controle,Astree,1er,TH,26,0,
015452,Clevory,Charguia,Clevory Charguia,2025,2025-04-16,4,Controle,Aromair100,ENTREE,CASH,223,0,
015453,Dr Slim Kassar,Berges du Lac,Dr Slim Kassar Berges du Lac,2025,2025-04-16,4,Controle,Astree,ENTREE,FE3,189,0,
015453,Dr Slim Kassar,Berges du Lac,Dr Slim Kassar Berges du Lac,2025,2025-04-16,4,Controle,Astree,Bureau,FE3,100,0,
015456,Frikha Concept (Edward's),Soukra,Frikha Concept (Edward's) Soukra,2025,2025-04-17,4,Controle,Iceburg,1er,CASH,254,0,
015472,VIP Zona,Jardins Carthage,VIP Zona  Jardin Carthage,2025,2025-04-19,4,Controle,Iceburg,ENTREE,RG,171,0,
015455,Dr Molka Sallemi,Jardins Carthage,Dr Molka Sallemi Jardin Carthage,2025,2025-04-16,4,Controle,Astree,salle d'attente,LINA (L),165,0,
015455,Dr Molka Sallemi,Jardins Carthage,Dr Molka Sallemi Jardin Carthage,2025,2025-04-16,4,Controle,Astree,,,0,0,
015457,The Blue,Megrine,The Blue Megrine,2025,2025-04-17,4,Controle,Zee300,ENTREE,ARGUME,153,0,
015457,The Blue,Megrine,The Blue Megrine,2025,2025-04-17,4,Controle,Aromair100,WC,ARGUME,310,0,
015457,The Blue,Megrine,The Blue Megrine,2025,2025-04-17,4,Controle,Aromair100,1er,ARGUME,70,0,
015457,The Blue,Megrine,The Blue Megrine,2025,2025-04-17,4,Recharge,,RDC,ARGUME,0,300,
015462,JC,Menzah5,JC  Menzah5,2025,2025-04-17,4,Controle,Astree,Boutique,TH,269,0,
015466,The Blue,Megrine,The Blue  Megrine,2025,2025-04-18,4,Controle,,,,0,0,
015466,The Blue,Megrine,The Blue  Megrine,2025,2025-04-18,4,Recharge,,,ARGUME,0,1000,
015461,Energy Car,Menzah6,Energy Car  Menzah6,2025,2025-04-17,4,Controle,Astree,ENTREE,TH,69,0,
015470,Pharmacie Victoria,Lac1,Pharmacie Victoria Lac1,2025,2025-04-18,4,Controle,Aromair100,ENTREE,FE3,14,0,
015470,Pharmacie Victoria,Lac1,Pharmacie Victoria Lac1,2025,2025-04-18,4,Recharge,Aromair100,ENTREE,FE3,0,300,
015474,Pharmacie Sadri,Lac2,Pharmacie Sadri  Lac2,2025,2025-04-19,4,Recharge,,1er étage,FE3,0,300,
015463,Moustache,Menzah5,Moustache Menzah5,2025,2025-04-17,4,Controle,Iceburg,ENTREE,MEL,220,0,
015460,Ceram,Place Pasteur,Ceru  Place Pasteur,2025,2025-04-17,4,Controle,Aromair100,RDC,FE3,134,0,
015460,Ceram,Place Pasteur,Ceru  Place Pasteur,2025,2025-04-17,4,Controle,,Comptoir,FC,120,0,
015460,Ceram,Place Pasteur,Ceru  Place Pasteur,2025,2025-04-17,4,Controle,,S.Sol,FO,137,0,
015460,Ceram,Place Pasteur,Ceru  Place Pasteur,2025,2025-04-17,4,Controle,Iceburg,PDG,,241,0,
015460,Ceram,Place Pasteur,Ceru  Place Pasteur,2025,2025-04-17,4,Controle,Astree,2ème Comptoir,FE3,115,0,
015460,Ceram,Place Pasteur,Ceru  Place Pasteur,2025,2025-04-17,4,Recharge,Iceburg,PDG,FE3,0,300,
015467,Pharmacie Shabo,Hammem Lif,Pharmacie Shabo  Hammem Lif,2025,2025-04-18,4,Controle,Aromair100,ENTREE,FE3,36,0,
015467,Pharmacie Shabo,Hammem Lif,Pharmacie Shabo  Hammem Lif,2025,2025-04-18,4,Recharge,Aromair100,ENTREE,FE3,0,300,
015468,716,Menzah6,716 Menzah6,2025,2025-04-18,4,Controle,Zee300,ENTREE,FM,138,0,
015468,716,Menzah6,716 Menzah6,2025,2025-04-18,4,Controle,,1er Etage,FM,48,0,
015468,716,Menzah6,716 Menzah6,2025,2025-04-18,4,Controle,,ENTREE,FM,21,0,
015468,716,Menzah6,716 Menzah6,2025,2025-04-18,4,Controle,Aromair100,Hall,FM,0,0,
015468,716,Menzah6,716 Menzah6,2025,2025-04-18,4,Controle,Aromair100,WCH,FIG,6,0,
015468,716,Menzah6,716 Menzah6,2025,2025-04-18,4,Controle,,WCF,FIG,33,0,
015468,716,Menzah6,716 Menzah6,2025,2025-04-18,4,Recharge,Aromair100,WCH,FIG,0,300,
015468,716,Menzah6,716 Menzah6,2025,2025-04-18,4,Recharge,,WCF,FIG,0,300,
015468,716,Menzah6,716 Menzah6,2025,2025-04-18,4,Recharge,,ENTREE,RU,0,900,
015468,716,Menzah6,716 Menzah6,2025,2025-04-18,4,Recharge,,ENTREE,RU,0,300,
015468,716,Menzah6,716 Menzah6,2025,2025-04-18,4,Recharge,Aromair100,Hall,RU,0,900,
015274,Villa Didon,Carthage,Villa Didon Sidi Bousaid,2025,2025-05-29,5,Livraison,Astree,Entrée,Fig,0,300,
015273,Mme Kmar,Jardin de carthage,Nove kmar Jardin de carthage,2025,2025-05-29,5,Livraison,Iceburg,,TH,0,300,
015272,GAT,Soukra,GAT Soukra,2025,2025-05-29,5,Visite,Astree,Entrée,RG,155,0,Prise debranchée
015270,Vision Store,Soukra,Vision Arona Soukra,2025,2025-05-28,5,Visite,Astree,RDC,CPM,0,0,Bouteille périmée
015270,Vision Store,Soukra,Vision Arona Soukra,2025,2025-05-28,5,Visite,Astree,+1,CPM,0,0,Bouteille périmée
015269,City Loft,Soukra,City Loft Soukra,2025,2025-05-28,5,Visite,Aromair100,RDC,RG,119,0,Décalage horaire
015269,City Loft,Soukra,City Loft Soukra,2025,2025-05-28,5,Visite,Aromair100,1er étage,RG,97,0,Décalage horaire
015292,Zaia,Soukra,Zaia Soukra,2025,2025-05-31,5,Livraison,Aromair100,Entrée,FG,0,300,
015265,Century 21,Lac 2,Century 21 Lac 2,2025,2025-05-28,5,Visite,Iceburg,Entrée,Mélange,211,0,Changement prog 9-13/15-19
015275,Queen,Ain Zaghouen,Eve Ain Zaghouen,2025,2025-05-29,5,Visite,Astree,Entrée,CPM,0,0,Prise debranchée
015291,Zinia,Aouina,Zinia Aouina,2025,2025-05-31,5,Livraison,Iceburg,Entrée,RG,0,300,
015299,Armani Mall,Lac2,Armani Mall Lac 2,2025,2025-05-31,5,Visite,Aromair100,Entrée,RG,159,0,Bouton off
015300,Epsilon,Ain Zaghouen,Epsilon Ain Zaghouen,2025,2025-05-31,5,Livraison,Astree,Entrée,F.The,0,300,
015293,Angelo,Menzah 5,Angela Menzah 5,2025,2025-05-31,5,Livraison,Aromair100,Entrée,Fe2,0,300,
015295,Obioskin,Menzah9,Obioskin Menzah 9,2025,2025-05-31,5,Visite,Astree,Entrée,Fe3,106,0,
015294,Strass,Menzah 5,Stras Menzah 5,2025,2025-05-31,5,Livraison,Aromair100,Entrée,AMBER,21,150,
015249,Poliform,Soukra,Poliform Soukra,2025,2025-05-26,5,Visite,Aromair100,Entrée,Mélange,48,0,
015232,Boutique La joie,Rue d'allemagne,La joie Rue d'allemagne,2025,2025-05-24,5,Livraison,Astree,Caisse,RG,21,300,
015233,Boutique La joie,Charles de gaulle,La joie Charles de gaulle,2025,2025-05-24,5,Livraison,Astree,Caisse,RG,23,300,
015298,Diesel Mall,Lac2,Diesel Mall Lac 2,2025,2025-05-31,5,Livraison,Aromair100,Entrée,TH,0,300,
015211,Palma,Soukra,Palma Soukra,2025,2025-05-20,5,Visite,Astree,RDC,TH,56,0,
015211,Palma,Soukra,Palma Soukra,2025,2025-05-20,5,Visite,Astree,+1,TH,217,0,
015240,Geox,Millenium,Geox Millenium,2025,2025-05-24,5,Visite,Aromair100,Entrée,F.The,174,0,
015258,Little Asia,gp9,Little Asia gp9,2025,2025-05-27,5,Visite,Aromair100,Entrée,Sakura,33,0,
015268,City Desk,Soukra,City Desk Soukra,2025,2025-05-28,5,Livraison,Aromair100,Entrée,Mélange,0,300,
015256,Le Monde est Petit,Jardin d'el Menzah,Le Monde est Petit Jardin d'el Menzah,2025,2025-05-27,5,Visite,Aromair100,N/A,N/A,100,0,
015257,Tony Nasr,gp9,Tony Nass gp9,2025,2025-05-27,5,Visite,Aromair100,au fond,Fe2,178,0,
015267,Villa Didon,Carthage,Villa Didon Sidi Bousaid,2025,2025-05-28,5,Livraison,Zee600,Entrée,Fig,69,300,
015266,Corail,Lac2,Corail Lac 2,2025,2025-05-28,5,Livraison,Tour,Réception,FM,65,300,
015227,Boutique La joie,Palmarium,La joie Palmarium,2025,2025-05-24,5,Visite,Astree,Caisse,RG,104,300,
015248,Geox,Géant,Geox Géant,2025,2025-05-26,5,Visite,Aromair100,Entrée,Calayna,119,0,
015234,Barista's,Centre urbain nord,Barista's Centre urbain nord,2025,2025-05-24,5,Livraison,Aromair100,WC,Peace,10,300,
015239,Le sportif,Soukra,Le sportif Soukra,2025,2025-05-24,5,Livraison,Aromair100,Entrée,PC,0,300,
015250,Bolzano,Soukra,Balzana Soukra,2025,2025-05-26,5,Visite,Astree,Entrée,CPM,60,0,Bouteille périmée
015243,DR Salem,Ain Zaghouen,DR Salem Ain Zaghouen,2025,2025-05-24,5,Livraison,Zee600,Entrée,F.The,181,300,
015245,Plaza,Soukra,Arezza Soukra,2025,2025-05-26,5,Visite,Astree,Entrée,CPM,0,0,Prise debranchée
015230,Business hotel,Tunis,Business hotel Menzah 5,2025,2025-05-23,5,Livraison,Aromair100,RDC,NO,58,300,
015230,Business hotel,Tunis,Business hotel Menzah 5,2025,2025-05-23,5,Livraison,Astree,+2,P. Jasmin,0,300,
015230,Business hotel,Tunis,Business hotel Menzah 5,2025,2025-05-23,5,Livraison,Astree,+3,P. Jasmin,0,300,
015230,Business hotel,Tunis,Business hotel Menzah 5,2025,2025-05-23,5,Livraison,Astree,+4,P. Jasmin,34,300,
015230,Business hotel,Tunis,Business hotel Menzah 5,2025,2025-05-23,5,Livraison,Astree,+5,P. Jasmin,20,300,
015238,Barista's,Lac 1,Barista's Lac 1,2025,2025-05-24,5,Livraison,Aromair100,WC,Peace,71,300,
015221,716,Centre urbain,716 Centre urbain,2025,2025-05-22,5,Livraison,Zee600,Entrée D,JB,523,194,
015221,716,Centre urbain,716 Centre urbain,2025,2025-05-22,5,Livraison,Zee600,Entrée G,JB,350,0,
015221,716,Centre urbain,716 Centre urbain,2025,2025-05-22,5,Livraison,Iceburg,Caisse,TH,0,0,
015221,716,Centre urbain,716 Centre urbain,2025,2025-05-22,5,Livraison,Smart,WC,FE3,0,0,
015210,AF collection,Soukra,AF collection Soukra,2025,2025-05-20,5,Visite,Astree,RDC,RG,80,0,
015210,AF collection,Soukra,AF collection Soukra,2025,2025-05-20,5,Visite,Astree,+1,RG,266,0,
015224,Pharmacie Abid,Tunis,Pharmacie Abid Tunis,2025,2025-05-22,5,Visite,Aromair100,Entrée,FC,122,0,
015216,Maitre Bilel Tazeni,Gammarth,Mariem hilani Gammarth,2025,2025-05-21,5,Livraison,Aromair100,N/A,N/A,0,0,Produit défectueux
015217,Radisson blu,Mohamed 5,Radisson blu Mohamed 5,2025,2025-05-21,5,Livraison,Aromair100,Cuisine,COSMOS(COS),0,2000,
015225,Boudrant Admin,Avenue carthage,Boudrant Avenue carthage,2025,2025-05-22,5,Visite,Astree,Chaussure B,CPM,0,0,
015225,Boudrant Admin,Avenue carthage,Boudrant Avenue carthage,2025,2025-05-22,5,Visite,Astree,2nd,CPM,0,0,
015225,Boudrant Admin,Avenue carthage,Boudrant Avenue carthage,2025,2025-05-22,5,Visite,Aromair100,Admin,AFF,0,0,
015225,Boudrant Admin,Avenue carthage,Boudrant Avenue carthage,2025,2025-05-22,5,Visite,Astree,Admin,CPM,0,0,
015220,Barista's,Aouina,Barista's Aouina,2025,2025-05-22,5,Livraison,Aromair100,Comptoir,FE3,30,150,
015223,Hotel Manera,Alain Savary,Salle à manger Alain Savary,2025,2025-05-22,5,Visite,N/A,N/A,N/A,0,0,
015246,Nattugi,Soukra,Nattugi Soukra,2025,2025-05-26,5,Visite,Astree,Entrée,CPM,104,0,Bouteille périmée
015219,Floralies,Soukra,Floralie Soukra,2025,2025-05-22,5,Livraison,Aromair100,+1,F.The,0,300,
015228,Pharmacie Neffousi,Marsa,Pharmacie Naffousi Marsa,2025,2025-05-23,5,Livraison,Aromair100,Entrée,FC,0,300,
015231,Centre Maram,Aouina,Centre Masam Aouina,2025,2025-05-23,5,Livraison,Aromair100,Entrée,AFF,0,300,
015201,Labo Farah,Riadh Landalous,Labo Farah Riadh l'andalous,2025,2025-05-20,5,Livraison,Aromair100,Entrée,NEROLI,0,300,
015237,Enzo,Menzah 2,Enza Menzah 2,2025,2025-05-24,5,Livraison,Tour,Au milieu,FC,110,300,
015237,Enzo,Menzah 2,Enza Menzah 2,2025,2025-05-24,5,Livraison,Aromair100,Entrée G,AFF,113,0,
015237,Enzo,Menzah 2,Enza Menzah 2,2025,2025-05-24,5,Livraison,Astree,VIA,CPM,157,0,
015241,Ceram Home,gp9,Ceram Home gp9,2025,2025-05-24,5,Livraison,Zee600,RDC,TH,0,300,
015244,716,Mannzah 6,The 716 Mannzah 6,2025,2025-05-26,5,Livraison,Aromair100,WcH,Fig,0,300,
015244,716,Mannzah 6,The 716 Mannzah 6,2025,2025-05-26,5,Livraison,Aromair100,WcF,Fig,0,300,
015198,JC,Menzah 5,JC Menzah 5,2025,2025-05-19,5,Visite,Astree,au fond,TH,24,0,Fuite tête bouteille
015206,Tiffany,Menzah 5,Teffany Menzah 5,2025,2025-05-20,5,Visite,Aromair100,Caisse,CPM,0,0,Prise debranchée
015200,Floralies,Soukra,Floralie Soukra,2025,2025-05-20,5,Visite,Iceburg,RDC,CPM,42,0,Prise debranchée
015200,Floralies,Soukra,Floralie Soukra,2025,2025-05-20,5,Visite,Iceburg,+1,CPM,279,0,Prise debranchée
015296,716,Mannzah 6,716 Mannzah 6,2025,2025-05-31,5,Livraison,Zee600,Entrée 1,RU,342,0,
015296,716,Mannzah 6,716 Mannzah 6,2025,2025-05-31,5,Livraison,Zee600,Entrée 2,RU,25,0,
015296,716,Mannzah 6,716 Mannzah 6,2025,2025-05-31,5,Livraison,Zee600,Entrée 3,RU,15,0,
015296,716,Mannzah 6,716 Mannzah 6,2025,2025-05-31,5,Livraison,Smart,Lustre,TH,152,0,
015202,Da Pietro,Jardin d'el menzah,Dapietra Jardin d'el menzah,2025,2025-05-20,5,Visite,Aromair100,Caisse,CPM,97,0,Prise debranchée
015202,Da Pietro,Jardin d'el menzah,Dapietra Jardin d'el menzah,2025,2025-05-20,5,Visite,Aromair100,Comptoir,AFF,79,0,
015226,Poltown,Jardin de carthage,Cipolin Jardin de carthage,2025,2025-05-22,5,Livraison,Astree,N/A,CPM,0,300,
015297,Artige,Tunisia Hall,Caprise Tunisia Hall,2025,2025-05-31,5,Visite,Iceburg,Entrée,CPM,0,0,Bouton off
015290,Rooh El Medina,Hammamet,Rauh Medina Hammamet,2025,2025-05-30,5,Livraison,Zee600,Entrée,FE3,0,794,
015290,Rooh El Medina,Hammamet,Rauh Medina Hammamet,2025,2025-05-30,5,Livraison,Aromair100,WC,FE3,194,300,
015209,S.I.S.E.S,Soukra,STE Sises Soukra,2025,2025-05-20,5,Livraison,Aromair100,Salon,ATOMIC,0,300,
015229,Slim optic,Lac1,Slim optic Lac 1,2025,2025-05-23,5,Livraison,Iceburg,Entrée,COCO,0,300,
015229,Slim optic,Lac1,Slim optic Lac 1,2025,2025-05-23,5,Livraison,Iceburg,Au fond,COCO,0,300,
015229,Slim optic,Lac1,Slim optic Lac 1,2025,2025-05-23,5,Livraison,Iceburg,Au milieu,COCO,0,300,
015229,Slim optic,Lac1,Slim optic Lac 1,2025,2025-05-23,5,Livraison,Iceburg,VIP,COCO,0,300,
015215,Club NA,Gammarth,Club NA Gammarth,2025,2025-05-21,5,Livraison,Zee600,Comptoir,ARGUME,32,300,
015215,Club NA,Gammarth,Club NA Gammarth,2025,2025-05-21,5,Livraison,Aromair100,WcH,Peace,47,300,
015215,Club NA,Gammarth,Club NA Gammarth,2025,2025-05-21,5,Livraison,Aromair100,WcF,Peace,0,300,
015208,Strass,Menzah 5,Stras Menzah 5,2025,2025-05-20,5,Visite,N/A,N/A,N/A,0,0,Changement de pile
015218,Asteel Flash,Soukra,Asteel Flash Soukra,2025,2025-05-29,5,Livraison,Aromair100,Bloc 1 RDC,Fe2,50,300,
015196,Edward's,Soukra,Edward's Soukra,2025,2025-05-19,5,Livraison,Aromair100,RDC,TH,0,300,
015196,Edward's,Soukra,Edward's Soukra,2025,2025-05-19,5,Livraison,Aromair100,+1,TH,0,300,
015196,Edward's,Soukra,Edward's Soukra,2025,2025-05-19,5,Livraison,Aromair100,+2,TH,0,300,
015203,Tony Nasr,Jardin EL Menzah,Tony Nass Jardin EL Menzah,2025,2025-05-20,5,Visite,Aromair100,Entrée,FE3,135,0,
015199,Mme Neila,Gammarth,Ame Helo Gammarth,2025,2025-05-19,5,Livraison,Astree,Entrée,CPM,0,300,
015205,JC,Menzah 5,JC Menzah 5,2025,2025-05-20,5,Visite,Astree,N/A,N/A,0,0,
015207,Polyclinique Les Jasmins,Centre urbain nord,Clinique Jasmin Centre urbain nord,2025,2025-05-20,5,Visite,Astree,Entrée g,TB,38,0,
015207,Polyclinique Les Jasmins,Centre urbain nord,Clinique Jasmin Centre urbain nord,2025,2025-05-20,5,Visite,Astree,Entrée d,TB,202,0,
015222,Pharmacie Abid,Tunis,Pharmacie Jazi Tunis,2025,2025-05-22,5,Visite,Iceburg,Entrée,CPM,66,0,Bouteille périmée
015204,716,Menzah 6,716 Menzah 6,2025,2025-05-20,5,Visite,Zee600,Entrée 1,RU,496,0,
015204,716,Menzah 6,716 Menzah 6,2025,2025-05-20,5,Visite,Zee600,Entrée 2,RU,250,0,
015204,716,Menzah 6,716 Menzah 6,2025,2025-05-20,5,Visite,Zee600,Entrée 3,RU,208,0,
015204,716,Menzah 6,716 Menzah 6,2025,2025-05-20,5,Visite,Smart,Comptoir,RU,208,0,
015204,716,Menzah 6,716 Menzah 6,2025,2025-05-20,5,Visite,Aromair100,WC H,Fig,4,0,
015204,716,Menzah 6,716 Menzah 6,2025,2025-05-20,5,Visite,Aromair100,WC F,Fig,17,0,
015197,Asteel flash,Soukra,Asteel flash Soukra,2025,2025-05-19,5,Livraison,Aromair100,B1 RDC,FC,0,300,
015197,Asteel flash,Soukra,Asteel flash Soukra,2025,2025-05-19,5,Livraison,Aromair100,B1 +1,AFF,34,0,
015197,Asteel flash,Soukra,Asteel flash Soukra,2025,2025-05-19,5,Livraison,Aromair100,B2 RDC,TH,18,300,
015197,Asteel flash,Soukra,Asteel flash Soukra,2025,2025-05-19,5,Livraison,Aromair100,B2 couloir,AFF,50,300,
015197,Asteel flash,Soukra,Asteel flash Soukra,2025,2025-05-19,5,Livraison,Aromair100,B1+1 escalier,AFF,95,300,
015197,Asteel flash,Soukra,Asteel flash Soukra,2025,2025-05-19,5,Livraison,Aromair100,B2+1 wc,AFF,116,300,
015197,Asteel flash,Soukra,Asteel flash Soukra,2025,2025-05-19,5,Livraison,Aromair100,B3 RDC,AFF,90,300,
015197,Asteel flash,Soukra,Asteel flash Soukra,2025,2025-05-19,5,Livraison,Aromair100,B3 +1,AFF,90,300,
015286,The city,Hammem Sousse,The city Hammam Sousse,2025,2025-05-30,5,Livraison,Zee600,au fond,TH,0,300,
015283,Floralies,Soukra,Floralie Soukra,2025,2025-05-29,5,Livraison,Iceburg,RDC,F.The,13,300,
015278,Hotel Laico,Centre ville,Hotel carlton Centre ville,2025,2025-05-29,5,Livraison,N/A,N/A,N/A,0,0,Neutralisateur odeur
015276,Poly Lighting,Tunis,Paly lighting Tunis,2025,2025-05-29,5,Visite,Astree,Entrée,N/A,0,0,
015252,Radisson blu,Tunis,Radisson blu Tunis,2025,2025-05-26,5,Livraison,Tour,Réception,COSMOS(COS),0,500,
015259,Table Espace,Marsa,Table Espace Marsa,2025,2025-05-27,5,Visite,Astree,Entrée,CPM,97,0,
015264,Clinique Alyssa,Lac1,Clinique Alyssa Lac 1,2025,2025-05-28,5,Livraison,Zee600,Entrée,FM,0,300,
015251,Pezzoli,Aouina,Pegzali Aouina,2025,2025-05-26,5,Visite,Aromair100,Entrée,AMBER,36,0,Bouteille périmée
015277,JL Invest,Lac 2,Il cuvent Lac 2,2025,2025-05-29,5,Livraison,Astree,Entrée,RG,0,300,
015277,JL Invest,Lac 2,Il cuvent Lac 2,2025,2025-05-29,5,Livraison,Astree,Entrée,RG,0,300,
015277,JL Invest,Lac 2,Il cuvent Lac 2,2025,2025-05-29,5,Livraison,Astree,Entrée,RG,0,300,
015260,Plaza,Marsa,Plaza Marsa,2025,2025-05-27,5,Visite,Aromair100,N/A,N/A,0,0,État critique
015262,ARS,Ariana,ARS Ariana,2025,2025-05-28,5,Visite,Aromair100,Entrée,CPM,174,0,
015262,ARS,Ariana,ARS Ariana,2025,2025-05-28,5,Visite,Astree,RDC,CPM,0,0,
015262,ARS,Ariana,ARS Ariana,2025,2025-05-28,5,Visite,Aromair100,1er étage,TH,256,0,
015262,ARS,Ariana,ARS Ariana,2025,2025-05-28,5,Visite,Aromair100,1er étage,CPM,153,0,
015262,ARS,Ariana,ARS Ariana,2025,2025-05-28,5,Visite,Astree,1er étage,CPM,196,0,
015261,Tony Nasr,Tunis,Nic Nas Tunis,2025,2025-05-28,5,Livraison,Aromair100,Caisse,P. Jasmin,0,300,
015242,Ceram Square,gp9,Ceram Square gp9,2025,2025-05-24,5,Livraison,Zee600,RDC,TH,0,300,
015253,Pharmacie Emna ABBES,Lafayette,Pharmacie Emma Aben Lafayette,2025,2025-05-27,5,Visite,Astree,au fond,RG,128,0,
015255,DR Salem,Centre urbain,DR Salem Centre urbain,2025,2025-05-27,5,Livraison,Iceburg,Salle d'attente,CPM,234,0,
015254,Synagogue,Tunis,Synagogue Tunis,2025,2025-05-26,5,Livraison,Astree,Entrée,P. Jasmin,47,300,
015263,Arena gym,Manar 2,Arena gym Manar 2,2025,2025-05-28,5,Livraison,Aromair100,Entrée,Peace,0,300,
015236,Angelo,Menzah 5,Angela Menzah 5,2025,2025-05-24,5,Visite,Aromair100,Entrée,Fe2,71,0,
015235,JC,Menzah 5,JC Menzah 5,2025,2025-05-24,5,Livraison,Astree,Entrée,F.The,0,300,
015214,Dar Said,Sidi Bousaid,Dar Saied Sidi Bousaid,2025,2025-05-19,5,Livraison,Iceburg,Entrée,CPM,0,190,
015289,Barista's,Sousse,Barista's Sousse,2025,2025-05-30,5,Livraison,Aromair100,WC,Peace,0,300,
015288,Boumiza Square,Sousse,Boumiza Square Sahloul,2025,2025-05-30,5,Livraison,Zee600,RDC,Tabacco,0,300,
015288,Boumiza Square,Sousse,Boumiza Square Sahloul,2025,2025-05-30,5,Livraison,Zee600,+1,Tabacco,0,600,
015288,Boumiza Square,Sousse,Boumiza Square Sahloul,2025,2025-05-30,5,Livraison,Aromair100,WC+1,Tabacco,0,300,
015280,Turquoise,CUN,Turquoise Centre urbain,2025,2025-05-29,5,Livraison,Zee600,Entrée,FM,0,300,
015281,Multi Form,Manouba,Multiform Manouba,2025,2025-05-29,5,Visite,Aromair100,Escalier,CPM,0,0,
015285,Mall of Sousse,Sousse,Mall Sousse Sousse,2025,2025-05-20,5,Livraison,Aromair100,WC H,LINA (L),0,300,
015285,Mall of Sousse,Sousse,Mall Sousse Sousse,2025,2025-05-20,5,Livraison,Aromair100,Hall,LINA (L),0,300,
015285,Mall of Sousse,Sousse,Mall Sousse Sousse,2025,2025-05-20,5,Livraison,Aromair100,Hall,Thé Vert,0,300,
015285,Mall of Sousse,Sousse,Mall Sousse Sousse,2025,2025-05-20,5,Livraison,Aromair100,wc,LINA (L),0,300,
015285,Mall of Sousse,Sousse,Mall Sousse Sousse,2025,2025-05-20,5,Livraison,Aromair100,wc,LINA (L),0,300,
015284,Mall of Sousse,Sousse,Mall Sousse Sousse,2025,2025-05-30,5,Livraison,Aromair100,Entrée,RG,118,300,
015284,Mall of Sousse,Sousse,Mall Sousse Sousse,2025,2025-05-30,5,Livraison,Astree,Admin,N/A,0,300,
015284,Mall of Sousse,Sousse,Mall Sousse Sousse,2025,2025-05-30,5,Livraison,Aromair100,Hail Ben,LINA (L),0,300,
015284,Mall of Sousse,Sousse,Mall Sousse Sousse,2025,2025-05-30,5,Livraison,Aromair100,wc B,LINA (L),0,300,
015284,Mall of Sousse,Sousse,Mall Sousse Sousse,2025,2025-05-30,5,Livraison,Aromair100,wc B,LINA (L),0,300,
015284,Mall of Sousse,Sousse,Mall Sousse Sousse,2025,2025-05-30,5,Livraison,Aromair100,Hail low,LINA (L),0,300,
015284,Mall of Sousse,Sousse,Mall Sousse Sousse,2025,2025-05-30,5,Livraison,Aromair100,wc F,LINA (L),0,300,
015279,Radisson blu,Tunis,Radisson blu Tunis,2025,2025-05-29,5,Livraison,Zee600,13eme,FM,394,430,
015279,Radisson blu,Tunis,Radisson blu Tunis,2025,2025-05-29,5,Visite,Astree,suite prési,CPM,0,0,
015279,Radisson blu,Tunis,Radisson blu Tunis,2025,2025-05-29,5,Visite,Astree,suite prési,CPM,0,0,
015282,Zaia,Soukra,Zaia Soukra,2025,2025-05-29,5,Visite,Astree,Entrée,TH,0,0,
015193,Maison Audi,La Soulette,Audi La Soulette,2025,2025-05-19,5,Visite,Zee600,Entrée,TH,245,0,
015193,Maison Audi,La Soulette,Audi La Soulette,2025,2025-05-19,5,Visite,Zee600,Au fond,TH,245,0,
015195,Saveurs de carthage,Jardins Carthage,Saveurs de carthage Jardin de carthage,2025,2025-05-17,5,Livraison,Aromair100,N/A,N/A,0,0,
015194,Moustache,La Soulette,Porche La Soulette,2025,2025-05-19,5,Livraison,Zee600,Entrée,TH,0,300,
015180,Groupe Mokni,Megrine,Group Nokni Megrine,2025,2025-05-19,5,Livraison,Iceburg,Couloir,TH,22,300,
015183,The blue,Megrine,The blue Megrine,2025,2025-05-19,5,Livraison,Zee600,Entrée,ARGUME,0,400,
015183,The blue,Megrine,The blue Megrine,2025,2025-05-19,5,Livraison,Smart,WC,ARGUME,0,400,
015183,The blue,Megrine,The blue Megrine,2025,2025-05-19,5,Livraison,Aromair100,+1,ARGUME,0,300,
015162,Dr Molka Sallemi,Jardin de carthage,Nolka Sallemi Jardin de carthage,2025,2025-05-14,5,Livraison,Astree,N/A,N/A,0,300,
015160,Ceram,Mnihla,Ceram Mnihla,2025,2025-05-13,5,Livraison,Zee600,N/A,N/A,0,0,
015171,Rids,Soukra,Rubis Soukra,2025,2025-05-14,5,Visite,Astree,Entrée,CPM,31,0,
015177,Labo Skouri,Riadh l'andalous,Soukri Riadh l'andalous,2025,2025-05-15,5,Livraison,Iceburg,N/A,CPM,0,300,
015161,Marck Olivier,Soukra,Marche olivier Soukra,2025,2025-05-14,5,Visite,Astree,Entrée,CPM,139,0,
015161,Marck Olivier,Soukra,Marche olivier Soukra,2025,2025-05-14,5,Visite,Astree,Encalier,CPM,243,0,
015161,Marck Olivier,Soukra,Marche olivier Soukra,2025,2025-05-14,5,Visite,Astree,Au fond,CPM,156,0,
015166,A Table,Lac 1,Espace Table Lac 1,2025,2025-05-14,5,Visite,Astree,Escalier,CPM,189,0,
015167,Heni,Soukra,Heni Soukra,2025,2025-05-15,5,Visite,N/A,N/A,N/A,0,0,
015173,Artige,chariana,Bridge chariana,2025,2025-05-13,5,Livraison,Aromair100,Entrée,Fe2,0,300,
015175,Radisson blu,Mohamed 5,Radisson blu Mohamed 5,2025,2025-05-13,5,Visite,Astree,N/A,N/A,0,0,
015164,Pharmacie Neffousi,Marsa,Pharmacie Naffousi Marsa,2025,2025-05-14,5,Visite,Aromair100,Entrée,AFF,31,0,
015174,Labo Melki,Centre urbain nord,Laboratoire Melki Centre urbain nord,2025,2025-05-15,5,Livraison,Aromair100,Entrée,Peace,0,300,
015176,Soquibat,Lac 1,Sokihat Lac 1,2025,2025-05-13,5,Livraison,Astree,N/A,CPM,0,300,
015175,Radisson blu,Mohamed 5,Radisson blu Mohamed 5,2025,2025-05-13,5,Visite,Astree,N/A,N/A,0,0,
015192,Baya Deco,Marsa,Baya Rideaux Marsa,2025,2025-05-17,5,Livraison,Astree,Entrée,FE3,0,300,
015170,Orna Farho,Ariana,Nam Art Ariana,2025,2025-05-14,5,Visite,Astree,Au fond,CPM,199,0,
015172,Edward's,Soukra,Edward's Soukra,2025,2025-05-14,5,Visite,Aromair100,RDC,TH,0,0,
015172,Edward's,Soukra,Edward's Soukra,2025,2025-05-14,5,Visite,Aromair100,+1,TH,59,0,
015172,Edward's,Soukra,Edward's Soukra,2025,2025-05-14,5,Visite,Iceburg,+9,CPM,0,0,
015173,Artige,chariana,Bridge chariana,2025,2025-05-13,5,Livraison,Aromair100,Entrée,Fe2,0,300,
015174,Labo Melki,Centre urbain nord,Laboratoire Melki Centre urbain nord,2025,2025-05-15,5,Livraison,Aromair100,Entrée,Peace,0,300,
015191,Pharmacie Sadri,Lac2,Pharmacie Sadri Lac 2,2025,2025-05-17,5,Livraison,Zee600,Entrée,RG,126,300,
015178,Heni,Sousse,Heni Sousse,2025,2025-05-16,5,Livraison,Aromair100,Entrée,Mélange,0,300,
015178,Heni,Sousse,Heni Sousse,2025,2025-05-16,5,Livraison,Aromair100,caisse,Mélange,0,300,
015165,Arthephage,Lac 1,Antephage Lac 1,2025,2025-05-14,5,Visite,Aromair100,Entrée,FM,219,0,
015179,STMI,Mall Sousse,Jasmin Mall Sousse,2025,2025-05-16,5,Livraison,Aromair100,Entrée,AFF,0,300,
015179,STMI,Mall Sousse,Jasmin Mall Sousse,2025,2025-05-16,5,Livraison,Aromair100,Caisse,AFF,0,300,
015179,STMI,Mall Sousse,Jasmin Mall Sousse,2025,2025-05-16,5,Livraison,Aromair100,Au fond,AFF,0,300,
015189,Barista's,Aouina,Barista's Aouina,2025,2025-05-17,5,Livraison,Aromair100,WC,Fe2,21,300,
015172,Edward's,Soukra,Edward's Soukra,2025,2025-05-14,5,Visite,Aromair100,RDC,TH,0,0,
015185,Boumiza Square,Sousse,Boumiza Square Sousse,2025,2025-05-16,5,Livraison,Zee600,Entrée,Tabacco,0,600,
015159,Renault,Charguia 2,Renault Charguia 2,2025,2025-05-13,5,Visite,Astree,Salle d'attente,RG,22,300,
015159,Renault,Charguia 2,Renault Charguia 2,2025,2025-05-13,5,Visite,Astree,Admin,RG,0,300,
015188,Cabinet Dr. Haifa Chebbi,Bardo,Haifa Chebbi Bardo,2025,2025-05-17,5,Livraison,Astree,Salle d'attente,CPM,9,300,
015187,Mon coin,Menzah 9,Mon coin Menzah 9,2025,2025-05-17,5,Livraison,Aromair100,au fond,Fe3,9,300,
015182,Heni,Sahloul,Heni Sahloul,2025,2025-05-16,5,Livraison,Aromair100,Entrée,Mélange,0,300,
015182,Heni,Sahloul,Heni Sahloul,2025,2025-05-16,5,Livraison,Aromair100,Caisse,Mélange,0,300,
015168,Strass,Menzah 5,Stras Menzah 5,2025,2025-05-14,5,Visite,Aromair100,Entrée,AMBER,107,0,
015572,Edward's,Soukra,Edouard's Soukra,2025,2025-05-06,5,Visite,Aromair100,+1,RG,0,0,
015186,Palma,Tunis,QALA Tunis,2025,2025-05-17,5,Livraison,Zee600,Hall,Mélange,0,400,
015186,Palma,Tunis,QALA Tunis,2025,2025-05-17,5,Livraison,Aromair100,WC,Mélange,0,300,
015571,Finopti TN,Charguia,FINOPTI Charguia,2025,2025-05-04,5,Livraison,Zee600,au couloir,TH,0,300,
015184,La Rose blanche,Sousse,La Rose blanche Sousse,2025,2025-05-16,5,Livraison,Zee600,RDC,Peace,0,300,
015184,La Rose blanche,Sousse,La Rose blanche Sousse,2025,2025-05-16,5,Livraison,Zee600,+1,Peace,0,300,
015563,Barista's,Dermech,Barista's Dermech,2025,2025-05-03,5,Visite,Aromair100,WC,Fe2,58,300,
015181,Kantaoui Bey,Sousse,Bantoui Bey Sousse,2025,2025-05-16,5,Livraison,N/A,N/A,N/A,0,0,
015190,Terrazzino,Ariana,Terrazzino Aouina,2025,2025-05-17,5,Livraison,Zee600,au fond,TH,0,600,
015567,Restaurant Erable,Lac 2,Restaurant l'etabla Lac 2,2025,2025-05-05,5,Livraison,Zee600,au fond,japandi,0,300,
015562,Little Asia,gp9,Little Asia gp9,2025,2025-05-03,5,Visite,Aromair100,Entrée,Sakura,120,0,
015559,Labo Melki,CUN,Labo Melki Centre urbain nord,2025,2025-05-09,5,Visite,Aromair100,Entrée,Peace,68,0,
015560,Maison Jasser,Marsa,Fatma Nasser Marsa,2025,2025-05-02,5,Livraison,Astree,N/A,N/A,0,300,
015152,Barista's,Dermech,Barista's Dermech,2025,2025-05-13,5,Livraison,Aromair100,WC,Fe3,28,300,
015580,Residence Khadija,Jardins Carthage,Residence Khadija Jardin de carthage,2025,2025-05-08,5,Visite,Iceburg,Entrée,Fe2,60,300,
015578,Mme Neila,Shotrana,Mme Neila Shotrana,2025,2025-05-08,5,Visite,Zee600,Salon,F.The,0,300,
015600,Dar Zarrouk,Lac 2,DR Zeineb Khrouf Lac 2,2025,2025-05-13,5,Livraison,Astree,Salle d'attente,Fö,160,300,
015577,Barista's,Aouina,Barista's Aouina,2025,2025-05-08,5,Livraison,Aromair100,Comptoir,FE3,27,150,
015584,Glow Spa,Menzah 5,Glow Spar Menzah 5,2025,2025-05-08,5,Visite,Iceburg,RDC,Mélange,118,300,
015584,Glow Spa,Menzah 5,Glow Spar Menzah 5,2025,2025-05-08,5,Visite,Astree,+1,P. Jasmin,80,300,
015584,Glow Spa,Menzah 5,Glow Spar Menzah 5,2025,2025-05-08,5,Visite,Astree,-1,FE3,123,300,
015169,Cabinet Dr Ellouze,Menzah 6,Skander Ellouze Menzah 6,2025,2025-05-14,5,Livraison,Zee600,Entrée,COCO,120,300,
015596,Affaire à suivre,Marsa,Affaire à suivre Marsa,2025,2025-05-12,5,Visite,Astree,au fond,TH,172,0,
015573,Vision store,Menzah4,Vision store Menzah 4,2025,2025-05-06,5,Livraison,Aromair100,Entrée,FO,45,300,
015554,Dar Zarrouk,Sidi Bou Said,Dar Zarrouk Sidi Bousaid,2025,2025-05-02,5,Livraison,Zee600,Salle 1,JB,0,300,
015554,Dar Zarrouk,Sidi Bou Said,Dar Zarrouk Sidi Bousaid,2025,2025-05-02,5,Livraison,Aromair100,Salle 2,JB,85,0,
015575,Centrale Tunisie,Charguia 1,Société Technique Charguia 1,2025,2025-05-06,5,Livraison,Zee600,RDC,TB,379,300,
015575,Centrale Tunisie,Charguia 1,Société Technique Charguia 1,2025,2025-05-06,5,Livraison,Aromair100,+2,TB,150,300,
015575,Centrale Tunisie,Charguia 1,Société Technique Charguia 1,2025,2025-05-06,5,Livraison,Aromair100,+2,TB,0,300,
015575,Centrale Tunisie,Charguia 1,Société Technique Charguia 1,2025,2025-05-06,5,Livraison,Aromair100,+1,FC,11,300,
015575,Centrale Tunisie,Charguia 1,Société Technique Charguia 1,2025,2025-05-06,5,Livraison,Aromair100,+1,FC,120,300,
015576,Arena Gym,Soukra,Allua gym Soukra,2025,2025-05-08,5,Livraison,Aromair100,Entrée,Mélange,25,300,
015569,HG Ykone,Lac 1,Ykone Lac 1,2025,2025-05-05,5,Livraison,Zee600,RDC,RG,378,300,
015569,HG Ykone,Lac 1,Ykone Lac 1,2025,2025-05-05,5,Livraison,Astree,+1,RG,88,300,
015569,HG Ykone,Lac 1,Ykone Lac 1,2025,2025-05-05,5,Livraison,Zee600,+3,RG,0,300,
015569,HG Ykone,Lac 1,Ykone Lac 1,2025,2025-05-05,5,Livraison,Iceburg,Directeur,RG,213,300,
015583,Mme Nabli,Charguia 2,STE Ennakl Charguia 2,2025,2025-05-01,5,Livraison,Zee600,N/A,P. Jasmin,0,300,
015574,Hamdi workshop,Ennasr,Hamdi workshop Ennaser,2025,2025-05-06,5,Livraison,Aromair100,Entrée,P. Jasmin,0,300,
015574,Hamdi workshop,Ennasr,Hamdi workshop Ennaser,2025,2025-05-06,5,Livraison,Aromair100,Location,CPM,0,300,
015574,Hamdi workshop,Ennasr,Hamdi workshop Ennaser,2025,2025-05-06,5,Livraison,Aromair100,Mariage,CPM,237,300,
015594,Restaurant Erable,Lac 2,Restaurant l'etable Lac 2,2025,2025-05-12,5,Livraison,Zee600,Salon,japandi,105,300,
015598,Ceram,Mnihla,Ceram Mnihla,2025,2025-05-12,5,Livraison,Zee600,au fond,TH,511,365,
015599,Padel,Soukra,Padel Soukra,2025,2025-05-12,5,Livraison,Aromair100,WC F,Peace,108,300,
015599,Padel,Soukra,Padel Soukra,2025,2025-05-12,5,Livraison,Aromair100,WC H,Peace,109,300,
015599,Padel,Soukra,Padel Soukra,2025,2025-05-12,5,Livraison,Zee600,Entrée,FM,312,600,
015571,Rids,Soukra,Rubis Soukra,2025,2025-05-14,5,Visite,Astree,Entrée,CPM,31,0,
015558,Renault,Charguia 2,Ennakl Charguia 2,2025,2025-05-13,5,Livraison,Aromair100,Entrée,P. Jasmin,0,300,
015570,Future génération,Aouina,Future génération Aouina,2025,2025-05-12,5,Livraison,Aromair100,Entrée,Fe3,18,150,
015570,Future génération,Aouina,Future génération Aouina,2025,2025-05-12,5,Livraison,Aromair100,au fond,Fe3,28,150,
015561,Meuble Karray,Soukra,Meuble Barroy Soukra,2025,2025-05-02,5,Visite,Astree,RDC,LINA (L),53,0,
015561,Meuble Karray,Soukra,Meuble Barroy Soukra,2025,2025-05-02,5,Visite,Astree,+1,RG,179,0,
015561,Meuble Karray,Soukra,Meuble Barroy Soukra,2025,2025-05-02,5,Visite,Astree,+2,LINA (L),152,0,
015585,Kantaoui Bey,Sousse,Rantoui Bey Sousse,2025,2025-05-09,5,Livraison,N/A,N/A,PC,0,0,
015564,Business Hotel,Tunis,Business Hotel Montplaisir,2025,2025-05-03,5,Livraison,Astree,+2,Full word,0,100,
015564,Business Hotel,Tunis,Business Hotel Montplaisir,2025,2025-05-03,5,Livraison,Astree,+3,Full word,0,100,
015564,Business Hotel,Tunis,Business Hotel Montplaisir,2025,2025-05-03,5,Livraison,Astree,+4,Full word,59,100,
015564,Business Hotel,Tunis,Business Hotel Montplaisir,2025,2025-05-03,5,Livraison,Astree,+5,Full word,37,100,
015579,Century 21,Soukra,Century 21 Soukra,2025,2025-05-08,5,Livraison,Iceburg,Entrée,Mélange,36,150,
015156,Radisson blu,Mohamed 5,Radisson blu Mohamed 5,2025,2025-05-13,5,Visite,Centrale/CTA,Technique,TH,0,0,
015155,Forest,Tunis,Forest Mohamed 5,2025,2025-05-13,5,Livraison,Aromair100,N/A,Fe3,0,450,
015569,HG Ykone,Lac 1,Ykone Lac 1,2025,2025-05-05,5,Livraison,Zee600,RDC,RG,378,300,
015569,HG Ykone,Lac 1,Ykone Lac 1,2025,2025-05-05,5,Livraison,Astree,+1,RG,88,300,
015569,HG Ykone,Lac 1,Ykone Lac 1,2025,2025-05-05,5,Livraison,Zee600,+3,RG,0,300,
015569,HG Ykone,Lac 1,Ykone Lac 1,2025,2025-05-05,5,Livraison,Iceburg,Directeur,RG,213,300,
015583,Mme Nabli,Charguia 2,STE Ennakl Charguia 2,2025,2025-05-01,5,Livraison,Zee600,N/A,P. Jasmin,0,300,
015574,Hamdi workshop,Ennasr,Hamdi workshop Ennaser,2025,2025-05-06,5,Livraison,Aromair100,Entrée,P. Jasmin,0,300,
015594,Restaurant Erable,Lac 2,Restaurant l'etable Lac 2,2025,2025-05-12,5,Livraison,Zee600,Salon,japandi,105,300,
015598,Ceram,Mnihla,Ceram Mnihla,2025,2025-05-12,5,Livraison,Zee600,au fond,TH,511,365,
015599,Padel,Soukra,Padel Soukra,2025,2025-05-12,5,Livraison,Aromair100,WC F,Peace,108,300,
015599,Padel,Soukra,Padel Soukra,2025,2025-05-12,5,Livraison,Aromair100,WC H,Peace,109,300,
015599,Padel,Soukra,Padel Soukra,2025,2025-05-12,5,Livraison,Zee600,Entrée,FM,312,600,
015571,Rids,Soukra,Rubis Soukra,2025,2025-05-14,5,Visite,Astree,Entrée,CPM,31,0,
015558,Renault,Charguia 2,Ennakl Charguia 2,2025,2025-05-13,5,Livraison,Aromair100,Entrée,P. Jasmin,0,300,
015570,Future génération,Aouina,Future génération Aouina,2025,2025-05-12,5,Livraison,Aromair100,Entrée,Fe3,18,150,
015570,Future génération,Aouina,Future génération Aouina,2025,2025-05-12,5,Livraison,Aromair100,au fond,Fe3,28,150,
015561,Meuble Karray,Soukra,Meuble Barroy Soukra,2025,2025-05-02,5,Visite,Astree,RDC,LINA (L),53,0,
015561,Meuble Karray,Soukra,Meuble Barroy Soukra,2025,2025-05-02,5,Visite,Astree,+1,RG,179,0,
015561,Meuble Karray,Soukra,Meuble Barroy Soukra,2025,2025-05-02,5,Visite,Astree,+2,LINA (L),152,0,
015585,Kantaoui Bey,Sousse,Rantoui Bey Sousse,2025,2025-05-09,5,Livraison,N/A,N/A,PC,0,0,
015564,Business Hotel,Tunis,Business Hotel Montplaisir,2025,2025-05-03,5,Livraison,Astree,+2,Full word,0,100,
015564,Business Hotel,Tunis,Business Hotel Montplaisir,2025,2025-05-03,5,Livraison,Astree,+3,Full word,0,100,
015564,Business Hotel,Tunis,Business Hotel Montplaisir,2025,2025-05-03,5,Livraison,Astree,+4,Full word,59,100,
015564,Business Hotel,Tunis,Business Hotel Montplaisir,2025,2025-05-03,5,Livraison,Astree,+5,Full word,37,100,
015579,Century 21,Soukra,Century 21 Soukra,2025,2025-05-08,5,Livraison,Iceburg,Entrée,Mélange,36,150,
015156,Radisson blu,Mohamed 5,Radisson blu Mohamed 5,2025,2025-05-13,5,Visite,Centrale/CTA,Technique,TH,0,0,
015155,Forest,Tunis,Forest Mohamed 5,2025,2025-05-13,5,Livraison,Aromair100,N/A,Fe3,0,450,
015397,Alia Megdiche,Lac 2,Alia Negdish Lac 2,2025,2025-06-16,6,Visite,Aromair100,Entrée,RG,5,0,
015398,Le Golf,Manar city,Bilel Manar city,2025,2025-06-16,6,Livraison,Aromair100,Entrée,VANILLE,300,300,
015400,Heni,Soukra,Heni Soukra,2025,2025-06-17,6,Livraison,Aromair100,Entrée,Mélange,300,300,
015855,Alia Megdiche,Lac 2,Alia Negdish Lac 2,2025,2025-06-18,6,Livraison,Aromair100,Entrée,RG,0,300,Bouteille vide
015399,Machewi 5 Etoiles,Mnihla,Machewi 5 étoile Mnihla,2025,2025-06-17,6,Livraison,Zee300,Entrée Parking,Mélange,0,500,
015399,Machewi 5 Etoiles,Mnihla,Machewi 5 étoile Mnihla,2025,2025-06-17,6,Livraison,Zee300,Entrée Principal,Mélange,0,500,
015399,Machewi 5 Etoiles,Mnihla,Machewi 5 étoile Mnihla,2025,2025-06-17,6,Livraison,Zee300,1er étage sud,Mélange,0,500,
015399,Machewi 5 Etoiles,Mnihla,Machewi 5 étoile Mnihla,2025,2025-06-17,6,Livraison,Zee300,1er étage nord,Mélange,115,1000,
015326,Oishi,Soukra,Disli Soukra,2025,2025-06-04,6,Livraison,N/A,Entrée,ARGUME,0,300,
015395,Groupe Mokni,Megrine,Groupe Hahni Megrine,2025,2025-06-16,6,Visite,Iceburg,1er étage,TH,251,0,Prise débranchée
015388,CDC,Montplaisir,CDC Montplaisir,2025,2025-06-16,6,Visite,Astree,Entrée,FC,0,0,Bouteille périmée
015392,Tony Nasr,Jardin El Menzah,Tony Nasser Jardin El Menzah,2025,2025-06-16,6,Visite,Aromair100,Entrée,FE2,34,300,Recuperation Bouteille vide
015391,Heni,Manar 8,Heni Manar 8,2025,2025-06-16,6,Visite,Aromair100,Entrée,Mélange,0,0,
015391,Heni,Manar 8,Heni Manar 8,2025,2025-06-16,6,Visite,Aromair100,au fond,Mélange,20,0,
015391,Heni,Manar 8,Heni Manar 8,2025,2025-06-16,6,Visite,Aromair100,-1,Mélange,109,0,
015391,Heni,Manar 8,Heni Manar 8,2025,2025-06-16,6,Visite,Aromair100,-1 au fond,Mélange,21,0,
015372,Diamelle,Lac1,Diamelle Lac 1,2025,2025-06-13,6,Visite,Aromair100,RDC,FC,300,0,Prise débranchée
015316,Oishi,Soukra,Disli Soukra,2025,2025-06-03,6,Visite,Astree,Entrée,ARGUME,0,0,
015854,Dr Omar Maghroum,Bizerte,DR Omar Meghraoum Bizerte,2025,2025-06-18,6,Livraison,Astree,Entrée,FE3,156,300,Fleur d'eau livrée
015851,Wael Optique,Mateur,Wael Optique Mateus,2025,2025-06-18,6,Livraison,Iceburg,Entrée,Mélange,0,300,Bouteille périmée + coude cassé
015373,Global Studies,Lac2,Global Studies Lac 2,2025,2025-06-13,6,Visite,Astree,Entrée,LINA (L),153,0,
015396,Gerard darel,Lac1,Gerard darel Lac 1,2025,2025-06-16,6,Visite,Aromair100,Entrée,FE3,61,300,Parfum FC livré
015393,Mme Neila,Manar city,Mila Manar city,2025,2025-06-16,6,Visite,Aromair100,Entrée,FE3,145,0,
015322,Vision Store,Menzah4,Vision Store Manar 4,2025,2025-06-04,6,Visite,Astree,au fond,FO,153,0,
015390,Da Pietro,Jardin El Menzah,Dapietra Jardin El Menzah,2025,2025-06-16,6,Livraison,Aromair100,Entrée,RU,0,300,Deux bouteilles vides
015390,Da Pietro,Jardin El Menzah,Dapietra Jardin El Menzah,2025,2025-06-16,6,Livraison,Aromair100,comptoir,RU,0,300,
015323,Barista's,Aouina,Barista's Aouina,2025,2025-06-04,6,Visite,Aromair100,comptoir,FE3,128,0,Tête bouteille bouché
015861,Pharmacie Sadri,Lac2,Pharmacie Sadri Lac 2,2025,2025-06-19,6,Livraison,Zee300,RDC,RG,121,300,
015861,Pharmacie Sadri,Lac2,Pharmacie Sadri Lac 2,2025,2025-06-19,6,Livraison,Aromair100,+1,FE3,240,0,Diffuseurs fermés
015368,Radisson Blu,Tunis,Radison blu Tunis,2025,2025-06-13,6,Livraison,Centrale/CTA,Bouteille G,COSMOS(COS),0,1000,Deux bouteilles vides
015368,Radisson Blu,Tunis,Radison blu Tunis,2025,2025-06-13,6,Livraison,Centrale/CTA,Bouteille D,COSMOS(COS),18,1000,
015310,Poliform,Soukra,Paliform Soukra,2025,2025-06-19,6,Visite,Aromair100,Entrée,Mélange,18,300,
015371,Jouaillerie Fakhfakh,Lac 1,FakhFakh Lac 1,2025,2025-06-13,6,Livraison,Astree,RDC,RG,177,0,
015371,Jouaillerie Fakhfakh,Lac 1,FakhFakh Lac 1,2025,2025-06-13,6,Livraison,Iceburg,1er étage,N/A,0,300,Bouteille périmée
015370,Roche Bobois,Soukra,Roche Bobois Soukra,2025,2025-06-16,6,Livraison,Aromair100,RDC,thé vert,0,100,
015389,Barista's,Bardo,Barista's Bardo,2025,2025-06-16,6,Réparation,Aromair100,WC,FE3,0,300,Sans bouteille + Changement Pile
015376,Ceram Square,gp9,Ceram Square gp9,2025,2025-06-13,6,Visite,Astree,+1,TH,88,0,
015376,Ceram Square,gp9,Ceram Square gp9,2025,2025-06-13,6,Visite,Astree,+2,TH,88,0,
015394,The blue,Megrine,The blue Megrine,2025,2025-06-16,6,Visite,Zee600,Entrée,ARGUME,28,276,Diffusion faible
015394,The blue,Megrine,The blue Megrine,2025,2025-06-16,6,Visite,Smart,WC,F.The,300,0,
015394,The blue,Megrine,The blue Megrine,2025,2025-06-16,6,Visite,Aromair100,1er étage,ARGUME,74,0,
015365,Heni,Geant,Heni Geant,2025,2025-06-13,6,Visite,Aromair100,Entrée G,Mélange,0,300,5 bouteilles périmées
015365,Heni,Geant,Heni Geant,2025,2025-06-13,6,Visite,Aromair100,Entrée D,Mélange,0,300,
015365,Heni,Geant,Heni Geant,2025,2025-06-13,6,Visite,Aromair100,au fond,Mélange,0,300,
015365,Heni,Geant,Heni Geant,2025,2025-06-13,6,Visite,Aromair100,Cabine H,Mélange,0,300,
015365,Heni,Geant,Heni Geant,2025,2025-06-13,6,Visite,Aromair100,Cabine F,Mélange,0,300,
015325,Lake Tower,Lac2,Lake Tower Lac 2,2025,2025-06-04,6,Visite,Astree,Salle d'attente,CASH,0,300,Décalage horaire
015325,Lake Tower,Lac2,Lake Tower Lac 2,2025,2025-06-04,6,Visite,Iceburg,wifi,CASH,280,0,
015386,Century 21,Ain Zaghouen,Country 21 Ain Zaghouen,2025,2025-06-16,6,Echange,Iceburg,au fond,Thé Vert,106,150,changement de parfum
015361,Floralies,Lac 3,Floralie Lac 3,2025,2025-06-12,6,Livraison,Zee600,Entrée,F.The,227,600,
015354,Mosquee Socubat,Soukra,Mosquee fadel Soukra,2025,2025-06-19,6,Visite,Aromair100,Entrée,CASH,0,0,Bouteille vide
015305,Red Castle,Menzah 5,Red Castel Menzah 5,2025,2025-06-02,6,Visite,Iceburg,Entrée,RG,0,300,Décalage horaire
015860,Moustache,La goulette,Porsche La goulette,2025,2025-06-19,6,Livraison,Zee300,Entrée,RG,0,300,Bouteille vide
015357,Barista's,Ariana,Barista's Ariana,2025,2025-06-12,6,Visite,Aromair100,WC,FE3,199,0,Diffuseur fermé
015304,716,Menzah 6,716 Menzah 6,2025,2025-06-02,6,Livraison,Zee600,Entrée 1,FM,0,900,Déjà en stock
015377,Kantaoui Bey,Soukra,Rantoui Bey Soukra,2025,2025-06-14,6,Livraison,Centrale/CTA,Bouteille G,LINA (L),80,500,Bouteille vide
015377,Kantaoui Bey,Soukra,Rantoui Bey Soukra,2025,2025-06-14,6,Livraison,Centrale/CTA,Bouteille D,LINA (L),0,500,
015358,Make up for ever,Ennasr,Make up for ever Ennaser,2025,2025-06-12,6,Livraison,Iceburg,Entrée,Mélange,0,300,Bouteille vide
015301,Comptoir Hammemi,Mnihla,Comptoir Hammami Mnihla,2025,2025-06-02,6,Visite,Astree,N/A,N/A,0,0,Livraison de diffuseur
015859,Innova Power,Megrine,Innova Power Megrine,2025,2025-06-19,6,Livraison,Astree,1er étage,Mélange,0,300,Bouteille vide
015384,Pharmacie Victoria,Lac1,Pharmacie Victoria Lac 1,2025,2025-06-16,6,Visite,Aromair100,Entrée,FE3,205,0,Problème Application
015360,Buy Luxe,Menzah5,Buy Luxe Menzah 5,2025,2025-06-12,6,Visite,Iceburg,Entrée,Mélange,0,300,Bouteille vide
015853,Heni,Bizerte,Heni Bizerte,2025,2025-06-18,6,Livraison,Aromair100,caisse,Mélange,0,300,3 bouteilles périmées
015853,Heni,Bizerte,Heni Bizerte,2025,2025-06-18,6,Livraison,Aromair100,Entrée D,Mélange,0,300,
015853,Heni,Bizerte,Heni Bizerte,2025,2025-06-18,6,Livraison,Aromair100,1er étage,Mélange,0,300,
015327,Plac'Art,Soukra,PLAC ART Soukra,2025,2025-06-04,6,Visite,Astree,Entrée,RG,67,0,Bouton off
015311,Convergen Agency,Lac 3,Conver g Lac 3,2025,2025-06-03,6,Visite,Zee300,Entrée,N/A,0,0,Prise débranchée
015344,Hotel Eolia,Ghezela,Heni Olivera Ghezela,2025,2025-06-10,6,Visite,Iceburg,N/A,N/A,0,0,Récupération bouteilles
015375,Ceram garden,gp9,Ceram garden gp9,2025,2025-06-13,6,Visite,Astree,+1,TH,69,0,
015375,Ceram garden,gp9,Ceram garden gp9,2025,2025-06-13,6,Visite,Astree,+2,TH,70,0,
015307,Little Asia,gp9,Little Asia gp9,2025,2025-06-03,6,Livraison,Aromair100,Entrée,Sakura,14,300,
015385,Novotel,Lac2,Novotel Lac 2,2025,2025-06-16,6,Visite,Astree,Sup A,N/A,262,0,Bouton off
015385,Novotel,Lac2,Novotel Lac 2,2025,2025-06-16,6,Visite,Zee300,BT,N/A,161,0,
015324,Game Production,GP9,Game Production Aouina,2025,2025-06-04,6,Livraison,Zee300,Escalier,F.The,447,0,
015324,Game Production,GP9,Game Production Aouina,2025,2025-06-04,6,Livraison,Centrale/CTA,1er étage,PC,0,300,Temps d'arrêt
015309,Spectra,Lac 3,Spectra Lac 3,2025,2025-06-03,6,Visite,Astree,RDC,F.The,81,0,
015309,Spectra,Lac 3,Spectra Lac 3,2025,2025-06-03,6,Visite,Iceburg,-1,F.The,172,0,
015309,Spectra,Lac 3,Spectra Lac 3,2025,2025-06-03,6,Visite,Astree,+2,F.The,47,0,
015302,Restaurant BalBel,Marsa,Restaurant le golfe Marsa,2025,2025-06-02,6,Livraison,Aromair100,WC H,F.The,0,150,Bouteilles vides
015302,Restaurant BalBel,Marsa,Restaurant le golfe Marsa,2025,2025-06-02,6,Livraison,Aromair100,WC F,F.The,0,150,
015306,Dar Zarrouk,Sidi Bou Said,Dar Zarrouk Sidi Bousaid,2025,2025-06-03,6,Visite,Zee600,Salon 1,JB,284,0,Bouton off
015306,Dar Zarrouk,Sidi Bou Said,Dar Zarrouk Sidi Bousaid,2025,2025-06-03,6,Visite,Aromair100,Salon 2,P. Jasmin,0,300,
015315,Palma,Soukra,Palma Soukra,2025,2025-06-03,6,Visite,Astree,RDC,Qual,25,300,
015359,Barista's,Bardo,Barista's Bardo,2025,2025-06-12,6,Visite,Aromair100,WC,FE3,0,0,Bouteille vide
015329,Century 21,Soukra,Century 21 Soukra,2025,2025-06-09,6,Réparation,Iceburg,Entrée,Mélange,103,0,Tête de bouteille bouché
015328,Ma cuisine,Soukra,Ma cuisine Soukra,2025,2025-06-09,6,Visite,Astree,RDC,FO,36,0,
015328,Ma cuisine,Soukra,Ma cuisine Soukra,2025,2025-06-09,6,Visite,Astree,+1,FO,18,0,
015348,Innov8,Charguia,INV Charguia,2025,2025-06-11,6,Visite,Zee300,WV,P. Jasmin,0,300,Bouteille vide
015348,Innov8,Charguia,INV Charguia,2025,2025-06-11,6,Visite,Astree,Hertz,P. Jasmin,0,300,
015347,Mme Nabli,Ennaser,Mme Nalbi Ennaser,2025,2025-06-11,6,Visite,Astree,salon,Arabian,171,300,
015353,Padel,Soukra,Padel Soukra,2025,2025-06-12,6,Livraison,Zee600,Entrée,LINA (L),622,0,
015353,Padel,Soukra,Padel Soukra,2025,2025-06-12,6,Livraison,Aromair100,WC F,LINA (L),24,300,
015353,Padel,Soukra,Padel Soukra,2025,2025-06-12,6,Livraison,Aromair100,WC H,LINA (L),109,300,
015374,Heni,Marsa,Heni Marsa,2025,2025-06-13,6,Visite,Aromair100,Entrée,Mélange,0,300,3 diffuseurs sans bouteille
015374,Heni,Marsa,Heni Marsa,2025,2025-06-13,6,Visite,Aromair100,cabine,Mélange,0,300,
015374,Heni,Marsa,Heni Marsa,2025,2025-06-13,6,Visite,Iceburg,au fond,Mélange,0,300,
015363,Heni,Soukra,Heni Soukra,2025,2025-06-13,6,Visite,Aromair100,Entrée,Mélange,0,300,Bouteille périmée
015363,Heni,Soukra,Heni Soukra,2025,2025-06-13,6,Visite,Iceburg,caisse,Mélange,0,300,
015363,Heni,Soukra,Heni Soukra,2025,2025-06-13,6,Visite,Aromair100,+1,N/A,0,0,Problème Afficheur
015383,Clevory,Charguia,Clevory Charguia,2025,2025-06-16,6,Visite,Aromair100,Entrée,CASH,0,0,bouteille vide
015337,Agence Doze,Carrefour Marsa,Gece Carrefour Marsa,2025,2025-06-10,6,Visite,Aromair100,Entrée,FE3,0,300,Bouteille vide
015308,Maison Audi,Sidi Bousaid,Maison Sidi Bousaid,2025,2025-06-03,6,Visite,Zee600,RDC,FM,24,300,
015308,Maison Audi,Sidi Bousaid,Maison Sidi Bousaid,2025,2025-06-03,6,Visite,Zee300,+1,FM,6,300,
015308,Maison Audi,Sidi Bousaid,Maison Sidi Bousaid,2025,2025-06-03,6,Visite,Zee300,-1,FM,69,300,
015856,SoDeco,gp9,Sodecor gp9,2025,2025-06-18,6,Livraison,Zee300,Entrée,FM,300,300,
015362,Mosquee Socubat,Soukra,Mosquee fadel Soukra,2025,2025-06-13,6,Visite,Aromair100,Entrée,thé vert,0,300,
015330,Barista's,Jardin de carthage,Barista's Jardin de carthage,2025,2025-06-09,6,Visite,Aromair100,WC,Peace,89,0,
015355,Ridotti,Soukra,Ricetti Soukra,2025,2025-06-12,6,Visite,N/A,Entrée,FE2,0,300,Bouteille vide
015346,Boudrant admin,Tunis,Boudrant admin Tunis,2025,2025-06-11,6,Echange,Aromair100,1er étage,FE2,276,300,changement de parfum
015346,Boudrant admin,Tunis,Boudrant admin Tunis,2025,2025-06-11,6,Echange,Astree,2eme étage,FE2,276,300,Prise débranchée
015341,Arena Gym,Soukra,Arena Gym Soukra,2025,2025-06-10,6,Visite,Aromair100,Entrée,Mélange,22.6,0,Tête de bouteille bouchée
015340,Maison Mme Dridi,Soukra,Mme Dridi Soukra,2025,2025-06-10,6,Visite,Astree,Entrée,RG,0,300,Bouteille vide
015387,Kot,Soukra,Kot Soukra,2025,2025-06-16,6,Visite,Aromair600,N/A,N/A,0,0,Recuperation diffuseur
015343,Dar Said,Sidi Bousaid,Dar Saied Sidi Bousaid,2025,2025-06-10,6,Livraison,Iceburg,N/A,MR,0,300,Livraison diffuseur
015865,Camomile,Soukra,Camomille Soukra,2025,2025-06-19,6,Visite,Iceburg,ADC,FC,257,0,Prise débranchée
015865,Camomile,Soukra,Camomille Soukra,2025,2025-06-19,6,Visite,Iceburg,escalier,FC,133,0,Client ferme les diffuseurs
015865,Camomile,Soukra,Camomille Soukra,2025,2025-06-19,6,Visite,Iceburg,au fond,FC,160,0,
015349,Future Génération,Aouina,Future Génération Aouina,2025,2025-06-12,6,Livraison,Aromair100,Entrée,FE3,55,150,
015349,Future Génération,Aouina,Future Génération Aouina,2025,2025-06-12,6,Livraison,Aromair100,au fond,FE3,0,150,
015335,BEPPI,Manar City,BEPPI Marsa,2025,2025-06-10,6,Visite,N/A,N/A,N/A,0,0,Fuite de parfum
015356,716,Centre urbain nord,716 Centre urbain nord,2025,2025-06-12,6,Livraison,Astree,caisse,P. Jasmin,0,300,
015356,716,Centre urbain nord,716 Centre urbain nord,2025,2025-06-12,6,Livraison,Smart,WC,FE3,0,300,
015333,Carré Douceur,Lac1,Carré Douceur Lac 1,2025,2025-06-09,6,Visite,Astree,Entrée,FE3,109,0,Bouteille périmée
015352,Meuble Karray,Soukra,Meuble Bassay Soukra,2025,2025-06-12,6,Visite,Astree,RDC,RG,17,0,
015352,Meuble Karray,Soukra,Meuble Bassay Soukra,2025,2025-06-12,6,Visite,Astree,+1,RG,156,0,Prise débranchée
015352,Meuble Karray,Soukra,Meuble Bassay Soukra,2025,2025-06-12,6,Visite,Astree,+2,RG,74,0,
015312,Movenpick,Lac 2,Havapik Lac 2,2025,2025-06-03,6,Livraison,Zee600,au centre,PC,240,600,Décalage horaire
015312,Movenpick,Lac 2,Havapik Lac 2,2025,2025-06-03,6,Livraison,Astree,couloir D,PC,67,150,Parfum PM livré
015312,Movenpick,Lac 2,Havapik Lac 2,2025,2025-06-03,6,Livraison,Astree,couloir G,PC,19,150,
015336,Century 21,Ain Zaghouen Nord,Century 21 Ain Zaghouen Nord,2025,2025-06-10,6,Visite,Iceburg,au fond,TH,13,150,Client veut changer parfum
015342,Dr Adel Soukni,Marsa,DR Adel Soulam Marsa,2025,2025-06-10,6,Livraison,Iceburg,Salle d'attente,TH,0,300,Bouteille vide
015313,Forest,Tunis,Forest Tennis,2025,2025-06-03,6,Livraison,Aromair100,N/A,FE3,0,300,
015339,Dorra Architecte,Marsa,Bureau d'Architecte Marsa,2025,2025-06-10,6,Visite,Astree,Entrée,AMBER,64,0,Demande échantillons
015382,Ryme,Montplaisir,Ryme Montplaisir,2025,2025-06-16,6,Visite,Astree,Entrée,N/A,20,0,Bouteille périmée
015864,Tuniscount,Soukra,Tuniscount Soukra,2025,2025-06-19,6,Visite,Astree,RDC,FE2,104,0,Prise débranchée
015864,Tuniscount,Soukra,Tuniscount Soukra,2025,2025-06-19,6,Visite,Astree,+1,RG,215,0,
015862,Barista's,Aouina,Barista's Aouina,2025,2025-06-19,6,Livraison,Centrale/CTA,comptoir,FE3,9,150,Bouteille presque vide
015331,Centrale Tunisie,Ariana,Central Tunisie Ariana,2025,2025-06-09,6,Visite,Astree,Entrée,Mélange,23,150,
015331,Centrale Tunisie,Ariana,Central Tunisie Ariana,2025,2025-06-09,6,Visite,Astree,au fond,Mélange,65,150,
015369,Brain Corner,Manar 1,Brain center Manar 1,2025,2025-06-13,6,Visite,Astree,Salon Rose,FM,300,300,
015338,Ligne Roset,Marsa,Ligne Roset Marsa,2025,2025-06-10,6,Visite,Astree,au fond,CPM,136,0,Prise débranchée
015350,AF Collection,Soukra,AF Collection Soukra,2025,2025-06-12,6,Visite,Astree,RDC,RG,25,300,
015350,AF Collection,Soukra,AF Collection Soukra,2025,2025-06-12,6,Visite,Astree,+1,RG,130,0,
015332,Hotel Concorde,Lac 1,Concorde Lac 1,2025,2025-06-09,6,Visite,Astree,N/A,N/A,0,0,Retour diffuseurs
015334,Boudrant admin,Tunis,Boudrant admin Tunis,2025,2025-06-09,6,Livraison,Astree,N/A,F.The,0,300,Diffuseur mis en marche
015334,Boudrant admin,Tunis,Boudrant admin Tunis,2025,2025-06-09,6,Livraison,Aromair100,N/A,F.The,0,300,
015378,Hotel Diar El Andalous,Sousse,Diar L'andalous Sousse,2025,2025-06-14,6,Livraison,N/A,Stack,LINA (L),0,7000,Retard livraison
015314,STMI,Ghazela,STMI Cité Ghezela,2025,2025-06-03,6,Visite,Aromair100,RDC,RG,25,300,TH recharge
015314,STMI,Ghazela,STMI Cité Ghezela,2025,2025-06-03,6,Visite,Aromair100,+1,Bois,0,300,
015314,STMI,Ghazela,STMI Cité Ghezela,2025,2025-06-03,6,Visite,Aromair100,comptoir,RG,196,300,Mélange recharge
015314,STMI,Ghazela,STMI Cité Ghezela,2025,2025-06-03,6,Visite,Aromair100,RDC,F.The,75,300,
015314,STMI,Ghazela,STMI Cité Ghezela,2025,2025-06-03,6,Visite,Aromair100,+1,Bois,34,300,Eco recharge
015314,STMI,Ghazela,STMI Cité Ghezela,2025,2025-06-03,6,Visite,Aromair100,RDC,Bois,212,300,Agrume recharge
015314,STMI,Ghazela,STMI Cité Ghezela,2025,2025-06-03,6,Visite,Aromair100,+1,F.The,120,300,RG recharge
015367,Ceram,Place Pasteur,Ceru Place Pasteur,2025,2025-06-13,6,Visite,Aromair100,Entrée,FE2,0,0,2 bouteilles vides
015367,Ceram,Place Pasteur,Ceru Place Pasteur,2025,2025-06-13,6,Visite,Aromair100,couloir RDC,Peace,70,0,
015367,Ceram,Place Pasteur,Ceru Place Pasteur,2025,2025-06-13,6,Visite,Aromair100,-1,Peace,0,0,
015367,Ceram,Place Pasteur,Ceru Place Pasteur,2025,2025-06-13,6,Visite,Iceburg,PDG,COSMOS(COS),198,0,
015367,Ceram,Place Pasteur,Ceru Place Pasteur,2025,2025-06-13,6,Visite,Astree,+2,FE3,104,0,Prise débranchée
015379,Centre Wahiba,Sousse,Centre Mahiba Sousse,2025,2025-06-14,6,Livraison,Astree,+2,RG,300,300,Déplacement diffuseur
015379,Centre Wahiba,Sousse,Centre Mahiba Sousse,2025,2025-06-14,6,Livraison,Astree,+1,RG,131,0,
015380,Jazz Tour Khalaf,Sousse,Jay Tour Khalef Sousse,2025,2025-06-14,6,Livraison,Zee300,Bloc A,CASH,378,500,Bouteilles vides
015380,Jazz Tour Khalaf,Sousse,Jay Tour Khalef Sousse,2025,2025-06-14,6,Livraison,Zee300,Spa,N/A,108,700,
015380,Jazz Tour Khalaf,Sousse,Jay Tour Khalef Sousse,2025,2025-06-14,6,Livraison,Zee300,Bloc B,N/A,64,600,
015863,Hertz,Marsa,Kert Marsa,2025,2025-06-19,6,Visite,Iceburg,N/A,N/A,0,0,Bouteille périmée
015878,Seat,Lac 1,Sensat Lac 1,2025,2025-06-23,6,Livraison,Astree,Entrée,FE3,0,300,Bouteille vide (Parfum Fc2 livré)
015879,Business hotel,Tunis,Business hotel Montplaisir,2025,2025-06-23,6,Livraison,Aromair100,RDC,NO,48,300,
015657,Clinique Alyssa,Lac 1,Clinique Alyzza Lac 1,2025,2025-06-26,6,Livraison,Zee600,Entrée,FM,0,300,Bouteille vide
015876,Club NA,Gammarth,Club NA Gammarth,2025,2025-06-23,6,Réparation,Zee300,comptoir,ARGUME,300,0,Installation support
015876,Club NA,Gammarth,Club NA Gammarth,2025,2025-06-23,6,Réparation,Aromair100,WC H,Peace,240,0,Changement pile
015658,Corail,Lac 2,Le Corail Lac 2,2025,2025-06-26,6,Livraison,Tour,Reception,FM,34,300,
015858,STMI,Azur City,Jasmin Azur City,2025,2025-06-19,6,Livraison,Aromair100,Entrée,Mélange,0,300,Bouteille vide périmée
015858,STMI,Azur City,Jasmin Azur City,2025,2025-06-19,6,Livraison,Aromair100,au fond,Mélange,0,300,Bouton off
015674,Centre Mahassen,Sfax,Centre Malassen Sfax,2025,2025-06-28,6,Livraison,Astree,Entrée,Mélange,129,300,Bouton off
015857,Heni,Azur City,Heni Azur City,2025,2025-06-19,6,Livraison,Aromair100,Entrée G,Mélange,0,300,2 bouteilles périmées
015857,Heni,Azur City,Heni Azur City,2025,2025-06-19,6,Livraison,Aromair100,Entrée D,Mélange,0,300,Bouton off
015866,The Corner,Ghezela,The Corner Ghezela,2025,2025-06-20,6,Visite,Aromair100,comptoir,FM,0,0,Bouton off
015678,Alia Megdiche,Sfax,Alia Megdich Sfax,2025,2025-06-28,6,Visite,Aromair100,Entrée,RG,129,0,Décalage horaire
015874,Club NA,Gammarth,Club NA Gammarth,2025,2025-06-21,6,Livraison,Zee300,comptoir,ARGUME,0,300,Décalage horaire
015874,Club NA,Gammarth,Club NA Gammarth,2025,2025-06-21,6,Livraison,Aromair100,WC H,Peace,213,300,
015874,Club NA,Gammarth,Club NA Gammarth,2025,2025-06-21,6,Livraison,Aromair100,WC F,Peace,0,0,
015676,Edward's,Sfax,Edward's 2 Sfax,2025,2025-06-28,6,Visite,Iceburg,Entrée,TH,0,300,Bouteille vide
015676,Edward's,Sfax,Edward's 2 Sfax,2025,2025-06-28,6,Visite,Iceburg,au fond,TH,63,0,Bouton off
015675,Sicream,Sfax,Sicarama Sfax,2025,2025-06-28,6,Visite,Astree,Entrée,CASH,0,0,Bouteille vide
015675,Sicream,Sfax,Sicarama Sfax,2025,2025-06-28,6,Visite,Astree,au fond,CASH,111,0,Bouton off
015869,Saveurs de Carthage,Jardins Carthage,Saveurs de Carthage Jardin de Carthage,2025,2025-06-20,6,Visite,Aromair100,Entrée,Mélange,172,0,Prise débranchée
015872,Manar City,Aouina,Omar Hachicha Aouina,2025,2025-06-20,6,Livraison,Aromair100,Entrée,Thé Vert,0,300,Sans bouteille
015872,Manar City,Aouina,Omar Hachicha Aouina,2025,2025-06-20,6,Livraison,Aromair100,au fond,Thé Vert,0,300,Bouteille vide + Bouton off
015868,Table espace,Lac 1,Table espace Lac 1,2025,2025-06-20,6,Visite,Astree,Entrée,F.The,110,0,Client ferme diffuseur
015679,Heni,Gafsa,Heni Gafsa,2025,2025-06-28,6,Livraison,Aromair100,Entrée,Mélange,300,300,3 bouteilles vides
015679,Heni,Gafsa,Heni Gafsa,2025,2025-06-28,6,Livraison,Aromair100,au fond,Mélange,310,300,
015679,Heni,Gafsa,Heni Gafsa,2025,2025-06-28,6,Livraison,Aromair100,+1,Mélange,300,300,
015671,Heni,Maison Sfax,Heni Maison Sfax,2025,2025-06-27,6,Livraison,Aromair100,au fond,Mélange,300,300,
015680,Geox,Mall Sousse,Geox Mall Sousse,2025,2025-06-30,6,Livraison,Aromair100,au fond,FE3,300,300,
015870,Renault,Jardin de Carthage,Zona UTP Jardin de Carthage,2025,2025-06-20,6,Visite,Iceburg,Entrée,RG,126,0,Fuite tête bouteille
015873,Camomile,Soukra,Amine Soukra,2025,2025-06-20,6,Livraison,Zee300,salon,RG,100,100,
015867,Fial,Charguia,Finalti Charguia,2025,2025-06-20,6,Visite,Zee300,3eme étage,RG,150,150,
015867,Fial,Charguia,Finalti Charguia,2025,2025-06-20,6,Visite,Zee300,WC,RG,150,150,
015880,Heni,Ben Arous,Cheny Ben Arous,2025,2025-06-23,6,Visite,Aromair100,Entrée,RG,106,0,Décalage horaire
015884,Equipement Concept,Soukra,Equipement Concept Soukra,2025,2025-06-23,6,Visite,Astree,RDC,RG,0,0,2 bouteilles vides
015884,Equipement Concept,Soukra,Equipement Concept Soukra,2025,2025-06-23,6,Visite,Astree,+1,RG,20,0,
015877,Arthephage,Lac 1,Anthephage Lac 1,2025,2025-06-23,6,Visite,Aromair100,Entrée,FM,59,0,
015871,Cafe Bey,La Goulette,café vert La Goulette,2025,2025-06-20,6,Démo,Zee300,N/A,FM,50,50,
015875,Plac'Art,Soukra,Plac'Art Soukra,2025,2025-06-20,6,Livraison,Astree,Entrée,FE2,55,300,Bouton off
015883,Magro,Charguia,Magro Charguia,2025,2025-06-23,6,Visite,Aromair100,admin,FE3,48,0,Décalage horaire
015883,Magro,Charguia,Magro Charguia,2025,2025-06-23,6,Visite,Aromair100,couloir 1,FE2,0,0,Temps d'arrêt
015883,Magro,Charguia,Magro Charguia,2025,2025-06-23,6,Visite,Aromair100,couloir 2,FE2,109,0,
015883,Magro,Charguia,Magro Charguia,2025,2025-06-23,6,Visite,Aomair50,caisse,FE2,68,0,
015886,Heni,Nabeul,Heni 2 Nabeul,2025,2025-06-24,6,Visite,Aromair100,RDC,Mélange,300,300,
015886,Heni,Nabeul,Heni 2 Nabeul,2025,2025-06-24,6,Visite,Aromair100,+1,Mélange,300,300,
015890,Ma cuisine,Soukra,Ma cuisine Soukra,2025,2025-06-24,6,Livraison,Astree,RDC,FO,0,300,2 bouteilles vides
015890,Ma cuisine,Soukra,Ma cuisine Soukra,2025,2025-06-24,6,Livraison,Astree,+1,FO,0,300,
015885,Heni,Nabeul,Heni 3 Nabeul,2025,2025-06-24,6,Livraison,Aromair100,Entrée D,Mélange,300,300,
015885,Heni,Nabeul,Heni 3 Nabeul,2025,2025-06-24,6,Livraison,Aromair100,Entrée G,Mélange,300,300,
015885,Heni,Nabeul,Heni 3 Nabeul,2025,2025-06-24,6,Livraison,Aromair100,+1,Mélange,300,300,
015891,Le Sportif,Soukra,Le Sportif Soukra,2025,2025-06-24,6,Visite,Aromair100,Entrée,Mélange,24,300,Parfum PO changé
015889,JL Invest,Lac2,JL Invest Lac 2,2025,2025-06-24,6,Livraison,Aromair150,Salle Reunion,RG,300,300,
015895,OACA,gp9,AC gp9,2025,2025-06-25,6,Visite,Iceburg,Entrée,F.Thé,70,0,
015887,Intertechnique,Centre Urbain Nord,Intertechnique Centre Urbain Nord,2025,2025-06-24,6,Livraison,Astree,Entrée,CASH,0,300,Bouteille vide
015896,Boutique LARA,Riadh Andalous,Boulbaba Riadh Andalous,2025,2025-06-25,6,Visite,Zee300,RDC,FM,50,500,
015888,Enzo,Menzah 8,Enzo Menzah 8,2025,2025-06-24,6,Visite,Tour,au milieu,FE3,206,300,Temps d'arrêt
015893,Barista's,Jardin de Carthage,Barista's Jardin de Carthage,2025,2025-06-25,6,Livraison,Aromair100,WC,Peace,48,300,
015892,Le Monde est Petit,gp2,Le Monde est Petit gp2,2025,2025-06-25,6,Visite,Aromair100,au fond,FC,112,0,changement programme
015897,Geox,Géant,Geox Géant,2025,2025-06-25,6,Visite,Aromair100,Entrée,COCO,94,0,Bouton off
015900,Sicream,Soukra,Sicarama Soukra,2025,2025-06-25,6,Visite,Astree,Entrée,cash,139,300,Bouton off
015656,Radisson Blu,Tunis,Radisson Blu Tunis,2025,2025-06-26,6,Livraison,Zee300,13eme,FM,536,350,Prise débranchée
015656,Radisson Blu,Tunis,Radisson Blu Tunis,2025,2025-06-26,6,Livraison,Astree,café mort,FE3,71,300,
015899,Arena Gym,Manar 2,Arena Gym Manar 2,2025,2025-06-25,6,Visite,Aromair100,Entrée,Peace,79,0,Décalage horaire
015898,Glow SPA,Menzah5,Glow SPA Menzah 8,2025,2025-06-25,6,Visite,Astree,RDC,Mélange,256,0,Client ferme diffuseurs
015898,Glow SPA,Menzah5,Glow SPA Menzah 8,2025,2025-06-25,6,Visite,Astree,+1,P. Jasmin,181,0,
015898,Glow SPA,Menzah5,Glow SPA Menzah 8,2025,2025-06-25,6,Visite,Astree,-1,FO,168,0,Bouton off
015894,Century 21,Lac 2,Century 21 Lac 2,2025,2025-06-25,6,Visite,Iceburg,Entrée,Mélange,188,0,Décalage horaire
015651,Le Golfe,Menzah 8,FDL Coffee Menzah 8,2025,2025-06-26,6,Livraison,Zee300,Entrée,RG,300,300,
015651,Le Golfe,Menzah 8,FDL Coffee Menzah 8,2025,2025-06-26,6,Livraison,Aromair150,WC,RG,300,300,
015659,Villa Didon,Carthage,Villa Didon Sidi Bousaid,2025,2025-06-26,6,Visite,Zee600,Reception,Fig,82,600,Temps d'arrêt
015662,Ceram Square,gp9,Ceram Square gp9,2025,2025-06-26,6,Livraison,Zee300,RDC,TH,6,300,
015662,Ceram Square,gp9,Ceram Square gp9,2025,2025-06-26,6,Livraison,Astree,+1,TH,49,300,
015662,Ceram Square,gp9,Ceram Square gp9,2025,2025-06-26,6,Livraison,Astree,+2,TH,49,300,
015661,Ceram garden,gp9,Ceram garden gp9,2025,2025-06-26,6,Livraison,Zee300,RDC,TH,5,300,
015661,Ceram garden,gp9,Ceram garden gp9,2025,2025-06-26,6,Livraison,Astree,+1,TH,28,300,
015661,Ceram garden,gp9,Ceram garden gp9,2025,2025-06-26,6,Livraison,Astree,+2,TH,33,300,
015652,Obioskin,Menzah9,Obioskin Menzah 9,2025,2025-06-26,6,Livraison,Astree,Entrée,FE3,0,300,Bouteille vide
015653,Ceram,Mnihla,Ceram Mnihla,2025,2025-06-26,6,Visite,Zee300,au fond,TH,607,0,
015654,Turquoise,CUN,Turquoise Centre Urbain Nord,2025,2025-06-26,6,Livraison,Zee300,Entrée,FM,0,300,Bouteille vide
015655,Polyclinique Les Jasmins,Centre Urbain Nord,Clinique Jasmin Centre Urbain Nord,2025,2025-06-26,6,Visite,Astree,Entrée D,TB,163,0,Prise débranchée
015655,Polyclinique Les Jasmins,Centre Urbain Nord,Clinique Jasmin Centre Urbain Nord,2025,2025-06-26,6,Visite,Astree,Entrée G,TB,37,0,
015672,Rids,Sfax,Richard Sfax,2025,2025-06-27,6,Visite,Iceburg,RDC,TH,95,300,Décalage horaire
015672,Rids,Sfax,Richard Sfax,2025,2025-06-27,6,Visite,Astree,+1,TH,0,300,Bouteille vide + Bouton off
015668,Arco Cerame,Sfax,Arco Ceram Sfax,2025,2025-06-27,6,Visite,Astree,Entrée,cash,132,300,Bouteille vide
015665,Heni,Mall Sfax,Heni Mall Sfax,2025,2025-06-27,6,Livraison,Aromair100,Entrée,Mélange,0,300,2 bouteilles vides
015665,Heni,Mall Sfax,Heni Mall Sfax,2025,2025-06-27,6,Livraison,Aromair100,au fond,Mélange,0,300,Bouton off
015669,Centre ARRAJA,Marsa,Centre ARRAJA Sfax,2025,2025-06-27,6,Visite,Astree,Entrée,Mélange,0,300,Bouton off
015670,Heni,Manar Sfax,Heni Manar Sfax,2025,2025-06-27,6,Visite,Aromair100,RDC Entrée,Mélange,0,300,6 bouteilles périmées
015670,Heni,Manar Sfax,Heni Manar Sfax,2025,2025-06-27,6,Visite,Aromair100,RDC au fond,Mélange,0,300,Décalage horaire
015670,Heni,Manar Sfax,Heni Manar Sfax,2025,2025-06-27,6,Visite,Iceburg,RDC cabine F,Mélange,0,300,
015670,Heni,Manar Sfax,Heni Manar Sfax,2025,2025-06-27,6,Visite,Aromair100,+1 escalier,Mélange,0,300,
015670,Heni,Manar Sfax,Heni Manar Sfax,2025,2025-06-27,6,Visite,Aromair100,+1 cabine H,Mélange,0,300,
015670,Heni,Manar Sfax,Heni Manar Sfax,2025,2025-06-27,6,Visite,Aromair100,+1 cabine enfant,Mélange,0,300,
015666,STMI,Mall Sfax,Jasmin Mall Sfax,2025,2025-06-27,6,Livraison,Aromair100,Entrée,Mélange,0,300,3 bouteilles périmées
015666,STMI,Mall Sfax,Jasmin Mall Sfax,2025,2025-06-27,6,Livraison,Aromair100,au milieu,Mélange,0,300,Bouton off
015666,STMI,Mall Sfax,Jasmin Mall Sfax,2025,2025-06-27,6,Livraison,Aromair100,au fond,Mélange,0,300,
015677,Edward's,Sfax,Edward's 1 Sfax,2025,2025-06-28,6,Visite,Iceburg,au fond,TH,251,0,Bouton off
015685,Boumiza Square,Sousse,Boumiza Square Sousse,2025,2025-06-30,6,Visite,Zee600,RDC,TH,0,600,3 bouteilles vides
015685,Boumiza Square,Sousse,Boumiza Square Sousse,2025,2025-06-30,6,Visite,Zee600,+1,TH,0,600,
015685,Boumiza Square,Sousse,Boumiza Square Sousse,2025,2025-06-30,6,Visite,Aromair100,WC+1,TH,0,300,Prise débranchée
015684,The City,Hammem Sousse,The City Hammam Sousse,2025,2025-06-30,6,Livraison,Zee300,Entrée,TH,0,300,Bouteille vide
015683,Kantaoui Bey,Sousse,Rantoni Bey Sousse,2025,2025-06-30,6,Visite,Centrale/CTA,Bouteille G,LINA (L),1000,1000,
015683,Kantaoui Bey,Sousse,Rantoni Bey Sousse,2025,2025-06-30,6,Visite,Centrale/CTA,Bouteille D,LINA (L),1000,1000,
015683,Kantaoui Bey,Sousse,Rantoni Bey Sousse,2025,2025-06-30,6,Visite,Zee600,Spa,Neroli,0,300,Bouteille vide + Débranché
015681,Mall of Sousse,Sousse,Mall Sousse Sousse,2025,2025-06-30,6,Visite,Aromair100,Entrée P,RG,99,300,Bouton off
015681,Mall of Sousse,Sousse,Mall Sousse Sousse,2025,2025-06-30,6,Visite,Astree,Admin,TH,203,300,
015681,Mall of Sousse,Sousse,Mall Sousse Sousse,2025,2025-06-30,6,Visite,Aromair100,Haul Beach,LINA (L),35,300,Prise débranchée
015681,Mall of Sousse,Sousse,Mall Sousse Sousse,2025,2025-06-30,6,Visite,Aromair100,WC H Beach,LINA (L),41,0,
015681,Mall of Sousse,Sousse,Mall Sousse Sousse,2025,2025-06-30,6,Visite,Aromair100,WC F Beach,LINA (L),163,0,
015681,Mall of Sousse,Sousse,Mall Sousse Sousse,2025,2025-06-30,6,Visite,Aromair100,Haul low,LINA (L),0,0,
015881,Clevory,Charguia,Clevory Charguia,2025,2025-06-23,6,Visite,Aromair100,Entrée,FC,0,300,Bouteille vide
015673,Heni,Hedi Chaker,Heni Hedi Chaker,2025,2025-06-27,6,Visite,Aromair100,en stock,Mélange,300,300,
015673,Heni,Hedi Chaker,Heni Hedi Chaker,2025,2025-06-27,6,Visite,Aromair100,au fond,Mélange,300,300,
015682,Mall of Sousse,Sousse,Mall Sousse Sousse,2025,2025-06-30,6,Visite,Aromair100,WC F low,LINA (L),0,300,Diffuseur fumé
015682,Mall of Sousse,Sousse,Mall Sousse Sousse,2025,2025-06-30,6,Visite,Aromair100,WC H low,LINA (L),0,300,
015682,Mall of Sousse,Sousse,Mall Sousse Sousse,2025,2025-06-30,6,Visite,Aromair100,Haul Manar,LINA (L),0,300,
015682,Mall of Sousse,Sousse,Mall Sousse Sousse,2025,2025-06-30,6,Visite,Aromair100,WC H Manar,LINA (L),0,300,
015682,Mall of Sousse,Sousse,Mall Sousse Sousse,2025,2025-06-30,6,Visite,Aromair100,WC F Manar,LINA (L),44,300,
015682,Mall of Sousse,Sousse,Mall Sousse Sousse,2025,2025-06-30,6,Visite,Aromair100,Manar,thé vert,91,0,Prise débranchée
015802,XYZ,Ennasr,XYZ Ennasr,2025,2025-07-16,7,Visite,Aromair150,Entree G,RU,300,0,pas de source de courant
015802,XYZ,Ennasr,XYZ Ennasr,2025,2025-07-16,7,Visite,Aromair150,Entree D,RU,300,0,
015797,IT Dev,Lac 3,IT Dev Lac 3,2025,2025-07-16,7,Visite,Zee300,Entree,FM,249,0,
015803,716,Centre Urbain Nord,716 Centre Urbain Nord,2025,2025-07-16,7,Visite,Aromair150,WC,Fe 9,0,300,Recuperation 3 Bouteille (V) Vide
015803,716,Centre Urbain Nord,716 Centre Urbain Nord,2025,2025-07-16,7,Visite,Astree,caisse,with jasmin,67,300,
015803,716,Centre Urbain Nord,716 Centre Urbain Nord,2025,2025-07-16,7,Visite,Zee300,Entree D,with jasmin,0,300,
015803,716,Centre Urbain Nord,716 Centre Urbain Nord,2025,2025-07-16,7,Visite,Zee600,Entree G,with jasmin,0,300,
015798,ykone,Lac 1,ykone Lac 1,2025,2025-07-16,7,Visite,Zee300,Entree,RG,483,0,Tous les diffuseurs Fermé par personnel
015798,ykone,Lac 1,ykone Lac 1,2025,2025-07-16,7,Visite,Astree,+1 Direction,RG,111,0,
015798,ykone,Lac 1,ykone Lac 1,2025,2025-07-16,7,Visite,Zee300,S. Réunion,RG,527,0,
015798,ykone,Lac 1,ykone Lac 1,2025,2025-07-16,7,Visite,Zee Smart,+3,RG,80,0,
015798,ykone,Lac 1,ykone Lac 1,2025,2025-07-16,7,Visite,Iceburg,+3 Direction,RG,202,0,
015800,The game Production,GP9,The game Production GP9,2025,2025-07-16,7,Visite,Zee300,Escalier,FR,396,0,Bouteille diffuseur zaphyze vide
015800,The game Production,GP9,The game Production GP9,2025,2025-07-16,7,Visite,Zephyr,+1,PO,0,300,
015799,Century 21,Soukra,Century 21 Soukra,2025,2025-07-14,7,Visite,Iceburg,Entrée,Mélange,14,150,Bouteille Vide
015801,Heni,Manzah 8,Heni Manzah 8,2025,2025-07-16,7,Visite,Aromair100,Entree,Mélange,0,300,3 Bouteille Vide + 1 Bouteille (S) 49 ML
015801,Heni,Manzah 8,Heni Manzah 8,2025,2025-07-16,7,Visite,Aromair100,au fond,Mélange,0,300,
015801,Heni,Manzah 8,Heni Manzah 8,2025,2025-07-16,7,Visite,Aromair100,-1,Mélange,49,300,
015801,Heni,Manzah 8,Heni Manzah 8,2025,2025-07-16,7,Visite,Aromair100,-1 au fond,Mélange,0,300,
015810,Focus,GP9,Focus GP9,2025,2025-07-17,7,Visite,Astree,RDC,Myrth,0,300,Bouteille Vide
015806,Pharmacie Abid,Tunis,Pharmacie Abid Tunis,2025,2025-07-17,7,Visite,Aromair100,Entree,Fe 9,0,300,Bouteille (S) Vide
015811,Barista's,Aouina,Barista's Aouina,2025,2025-07-17,7,Visite,Aromair100,WC,Fe 9,0,300,Bouteille Vide
015809,Carlton,Tunis,Carlton Tunis,2025,2025-07-17,7,Visite,Aromair100,+1,Fe 2,98,0,Décalage horaire 2 diffuseurs
015809,Carlton,Tunis,Carlton Tunis,2025,2025-07-17,7,Visite,Aromair100,+3,N/A,24,0,
015805,Corail,Lac 2,Corail Lac 2,2025,2025-07-17,7,Visite,Aromair150,N/A,N/A,0,0,Livraison 60 Bouteille (V) 300 ML
015824,Calé bey,Hannah 1.8,Calé bey Hannah 1.8,2025,2025-07-18,7,Visite,Zee300,WC,TH,135,0,Nettoyage Diffuseurs
015814,Finopti,Charguia,Finopti Charguia,2025,2025-07-18,7,Visite,Aromair150,+3 Entrée,RG,67,150,changement de plage horaire
015814,Finopti,Charguia,Finopti Charguia,2025,2025-07-18,7,Visite,Aromair150,+3 wc F,RG,97,150,
015818,Ceru,Tunis,Ceru Tunis,2025,2025-07-18,7,Visite,Aromair100,Entree,FC,0,0,4 Bouteille Vide
015818,Ceru,Tunis,Ceru Tunis,2025,2025-07-18,7,Visite,Aromair100,Corail RDC,Peace,22,0,
015818,Ceru,Tunis,Ceru Tunis,2025,2025-07-18,7,Visite,Aromair100,-1,FC,0,0,
015818,Ceru,Tunis,Ceru Tunis,2025,2025-07-18,7,Visite,Iceburg,PDG + 2,composition,117,0,
015818,Ceru,Tunis,Ceru Tunis,2025,2025-07-18,7,Visite,Astree,couloir + 9,Fe 3,12,0,Bouton off
015815,Mme Ben Ammar,Manzah 9,Mme Ben Ammar Manzah 9,2025,2025-07-18,7,Réparation,Astree,salon,Fe 9,204,300,Bouteille Perimé 204 ML
015813,Edward's,Soukra,Edward's Soukra,2025,2025-07-18,7,Réparation,Aromair100,RDC,wifi,0,0,4 Bouteille Vide
015813,Edward's,Soukra,Edward's Soukra,2025,2025-07-18,7,Réparation,Aromair100,+1,wifi,0,0,
015813,Edward's,Soukra,Edward's Soukra,2025,2025-07-18,7,Réparation,Iceburg,+2 escalier,CPM,0,0,
015813,Edward's,Soukra,Edward's Soukra,2025,2025-07-18,7,Réparation,Iceburg,+2 au fond,CPM,23,0,
015823,The blue,Megrine,The blue Megrine,2025,2025-07-18,7,Réparation,Aromair100,+1,Agrume,165,0,Diff wc Diffusion faible
015823,The blue,Megrine,The blue Megrine,2025,2025-07-18,7,Réparation,Aromair150,WC,N/A,150,0,
015823,The blue,Megrine,The blue Megrine,2025,2025-07-18,7,Réparation,Zee300,Entree,agrume,40,178,
015822,LV Prod,Megrine,LV Prod Megrine,2025,2025-07-18,7,Visite,Zee300,PDG,TH,0,300,Bouteille Vide
015821,Mokni,Megrine,Mokni Megrine,2025,2025-07-18,7,Echange,Iceburg,+1,TH,166,0,Décalage horaire Diff Iceberg
015821,Mokni,Megrine,Mokni Megrine,2025,2025-07-18,7,Echange,Astree,+1,Agrume,80,0,
015832,Edward's,Soukra,Edward's Soukra,2025,2025-07-19,7,Réparation,Aromair100,RDC,wifi,0,300,4 Bouteille Vide
015832,Edward's,Soukra,Edward's Soukra,2025,2025-07-19,7,Réparation,Aromair100,+1,wifi,0,300,
015832,Edward's,Soukra,Edward's Soukra,2025,2025-07-19,7,Réparation,Iceburg,+2 escalier,Myrth,0,300,
015832,Edward's,Soukra,Edward's Soukra,2025,2025-07-19,7,Réparation,Iceburg,+2 au fond,Myrth,28,300,
015943,Dr Noumeiri Abdelsalem,Bizerte,Dr Noumeiri Abdelsalem Bizerte,2025,2025-07-29,7,Visite,Zee300,Entree,TH,300,300,Livraison Diffuseur Zee 300
015929,Hotel Corail,Lac 2,Hotel Corail Lac 2,2025,2025-07-26,7,Livraison,Tour,Reception,FM,118,150,Bouteille Vide
015933,Labo Farah,Riadh Andalous,Labo Farah Riadh Andalous,2025,2025-07-26,7,Visite,Diff,Entrée,Neroli,300,0,Récuperat on Diffuseurs pour échan
015914,Beppi,Manar City,Beppi Manar City,2025,2025-07-23,7,Visite,Aromair100,Entree,Coco Vanille,150,0,
015915,Mila,Manar City,Mila Manar City,2025,2025-07-23,7,Visite,Aromair100,Entree,Fc 3,0,300,Bouteille Vide
015842,Slim Kassar,Lac 1,Slim Kassar Lac 1,2025,2025-07-22,7,Visite,N/A,N/A,N/A,0,0,livraison des echantillons
015849,Terrazzino,Aouina,Terrazzino Aouina,2025,2025-07-22,7,Visite,Zee600,au fond,TH,144,0,
015808,Slim Optic,Lac 1,Slim Optic Lac 1,2025,2025-07-17,7,Visite,Iceburg,Entree,cologne,240,0,Décalage horaire diffuseur au fond
015808,Slim Optic,Lac 1,Slim Optic Lac 1,2025,2025-07-17,7,Visite,Iceburg,au fond,cologne,300,0,
015808,Slim Optic,Lac 1,Slim Optic Lac 1,2025,2025-07-17,7,Visite,Iceburg,au centre,cologne,264,0,
015808,Slim Optic,Lac 1,Slim Optic Lac 1,2025,2025-07-17,7,Visite,Iceburg,VIP,cologne,98,0,
015804,Conedre,Lac 2,Conedre Lac 2,2025,2025-07-17,7,Visite,Zee300,Entrée D,FM,407,300,changement Frequence Diffusion
015804,Conedre,Lac 2,Conedre Lac 2,2025,2025-07-17,7,Visite,Zee300,Boutique,FM,111,300,
015804,Conedre,Lac 2,Conedre Lac 2,2025,2025-07-17,7,Visite,Zephyr,2 eme D,Fe 2,0,300,
015804,Conedre,Lac 2,Conedre Lac 2,2025,2025-07-17,7,Visite,Zephyr,1 ere D,Fe 2,107,300,
015804,Conedre,Lac 2,Conedre Lac 2,2025,2025-07-17,7,Visite,Zee300,Entrée G,FM,224,300,
015804,Conedre,Lac 2,Conedre Lac 2,2025,2025-07-17,7,Visite,Zephyr,3 eme G,Fe 2,0,300,
015804,Conedre,Lac 2,Conedre Lac 2,2025,2025-07-17,7,Visite,Zephyr,2 eme G,Fe 2,0,300,
015845,JL INVEST,Lac 2,JL INVEST Lac 2,2025,2025-07-22,7,Visite,Astree,Entree,RG,167,0,Bouton off
015816,Skander Ellouz,Manzah 6,Skander Ellouz Manzah 6,2025,2025-07-18,7,Visite,Zee300,Entree,N/A,163,0,aucun problème Détecter
015820,Porche,La goulette,Porche La goulette,2025,2025-07-18,7,Visite,Zee300,Entree,RG,62,300,changement plage horaire
015844,Soquibat,Lac 1,Soquibat Lac 1,2025,2025-07-22,7,Visite,Astree,Entree,Cash,34,300,Bouteille de 34 ML + Décalage horaire
015830,Moustache,Manzah 8,Moustache Manzah 8,2025,2025-07-19,7,Visite,Iceburg,Entree,Mélange,46,300,Bouteille périmée + colle
015828,Carlton,Tunis,Carlton Tunis,2025,2025-07-19,7,Visite,Aromair100,+3,Mélange,13,300,Décalage diff + 3
015828,Carlton,Tunis,Carlton Tunis,2025,2025-07-19,7,Visite,Aromair100,+1,Mélange,94,300,
015829,Ceru,Tunis,Ceru Tunis,2025,2025-07-19,7,Visite,Aromair100,Entree,FC,0,300,4 Bouteille Vide
015829,Ceru,Tunis,Ceru Tunis,2025,2025-07-19,7,Visite,Aromair100,couloir RDC,Peace,18,300,
015829,Ceru,Tunis,Ceru Tunis,2025,2025-07-19,7,Visite,Aromair100,-1,FC,0,300,
015829,Ceru,Tunis,Ceru Tunis,2025,2025-07-19,7,Visite,Astree,couloir + 9,Fc 3,11,300,Bouton off
015829,Ceru,Tunis,Ceru Tunis,2025,2025-07-19,7,Visite,Iceburg,PDG,composition,115,300,
015834,Club NA,Gammarth,Club NA Gammarth,2025,2025-07-21,7,Visite,Zee300,comptoir,agrume,0,300,Bouteille Vide Zee 300
015834,Club NA,Gammarth,Club NA Gammarth,2025,2025-07-21,7,Visite,Aromair100,INC H,Peace,129,300,
015834,Club NA,Gammarth,Club NA Gammarth,2025,2025-07-21,7,Visite,Aromair100,INC E,Peace,0,300,
015827,Gerard Darel,Lac 1,Gerard Darel Lac 1,2025,2025-07-19,7,Visite,Aromair100,Entree,FC,173,0,
015942,Clinique Jasmin,Centre Urbain Nord,Clinique Jasmin Centre Urbain Nord,2025,2025-07-29,7,Visite,Astree,Entree D,TB,95,0,
015942,Clinique Jasmin,Centre Urbain Nord,Clinique Jasmin Centre Urbain Nord,2025,2025-07-29,7,Visite,Astree,Entree G,Peace,193,0,
015795,AF collection,Soukra,AF collection Soukra,2025,2025-07-15,7,Visite,Astree,+1,RG,34,0,Bouteille presque vide de 34 ML
015940,Dr Noumeiri Abdessalem,Bizerte,Dr Noumeiri Abdessalem Bizerte,2025,2025-07-28,7,Visite,Astree,BT,TH,300,300,livraison Diffuseur Astree Noir
015825,Pharmacie Sadri,Lac 2,Pharmacie Sadri Lac 2,2025,2025-07-19,7,Visite,Zee300,Entree,RG,139,300,prise Débranchée
015831,Hamdi Workshop,Ennasr,Hamdi Workshop Ennasr,2025,2025-07-19,7,Visite,Aromair100,Entree,white jasmin,0,300,2 Diffuseurs de Espace Mariage
015831,Hamdi Workshop,Ennasr,Hamdi Workshop Ennasr,2025,2025-07-19,7,Visite,Aomair50,location,white jasmin,225,300,
015831,Hamdi Workshop,Ennasr,Hamdi Workshop Ennasr,2025,2025-07-19,7,Visite,Aomair50,Mariage,with jasmin,249,300,Bouton off
015826,Centrale,Lac 1,Centrale Lac 1,2025,2025-07-19,7,Visite,Astree,Entree,Mélange,20,150,
015826,Centrale,Lac 1,Centrale Lac 1,2025,2025-07-19,7,Visite,Astree,au fond,Mélange,34,150,
015932,Manar City,Manar City,Manar City Manar City,2025,2025-07-28,7,Visite,Iceburg,Entree,FC,300,300,Mauvaise Bruit au diffuseur
015936,Corail,Lac 2,Corail Lac 2,2025,2025-07-28,7,Visite,N/A,N/A,N/A,0,0,Livraison 15 Bouteille (V) 300 ML
015937,Artige,Lac 1,Artige Lac 1,2025,2025-07-28,7,Visite,Aromair100,Entree,CAS,300,300,livraison Diffuseur AR100
015941,Siceram,Soukra,Siceram Soukra,2025,2025-07-28,7,Visite,Astree,comptoir,TB,106,0,Diffuseur Fermé par personnel
015939,Labo Farah,Riadh Andalous,Labo Farah Riadh Andalous,2025,2025-07-28,7,Visite,Aromair150,Entree,Neroli,300,300,installation diffuseur AR150
015938,Pharmacie Victoria,Lac 1,Pharmacie Victoria Lac 1,2025,2025-07-28,7,Visite,Aromair100,Entree,Fc 3,156,0,Décalage horaire
015935,Zinia,Aouina,Zinia Aouina,2025,2025-07-26,7,Visite,Iceburg,Entree,RG,111,0,
015934,Red Castel,Aouina,Red Castel Aouina,2025,2025-07-26,7,Visite,Iceburg,caisse,RG,0,300,Bouteille Vide
015928,Arena Gym,Soukra,Arena Gym Soukra,2025,2025-07-24,7,Visite,Aromair100,Entree,Mélange,122,0,Pas de courant dans l'immeuble
015926,Barista's,Centre Urbain Nord,Barista's Centre Urbain Nord,2025,2025-07-24,7,Visite,Aromair100,WC,Peace,7,300,Bouteille Vide
015930,Clinique Alyssa,Lac 1,Clinique Alyssa Lac 1,2025,2025-07-26,7,Visite,Zee600,Entree,FM,0,300,Bouteille Vide
015925,Clevory,Charguia 1,Clevory Charguia 1,2025,2025-07-24,7,Visite,Aromair100,Entree,FC,94,0,changement de Fréqu de 8-5 à 5-8
015924,Bernardo,Soukra,Bernardo Soukra,2025,2025-07-24,7,Visite,Astree,Entree,Fc 9,67,300,
015921,Barista's,Lac 1,Barista's Lac 1,2025,2025-07-24,7,Visite,Aomair50,WC,Peace,89,300,Tête bouteille Bouché
015919,Villa Didon,Sidi Bousaid,Villa Didon Sidi Bousaid,2025,2025-07-24,7,Visite,Zee600,Entrée,Fig,71,600,livraison Bouteille (V) 600 ML
015931,Radisson Blu,Tunis,Radisson Blu Tunis,2025,2025-07-26,7,Visite,Zee300,13 eme,FM,305,650,changement de parfum Diffuseur Zee 300
015931,Radisson Blu,Tunis,Radisson Blu Tunis,2025,2025-07-26,7,Visite,Astree,PDG,Fe 3,46,0,
015906,JC,GP9,JC GP9,2025,2025-07-23,7,Visite,Iceburg,Entree,F.thé,6,300,Bouteille de 6 ML
015923,Le sportif,Soukra,Le sportif Soukra,2025,2025-07-24,7,Visite,Aromair100,Entree,Mélange,83,300,Gérant de Boutique refuse de changement d'emplace
015922,Ma cuisine,Soukra,Ma cuisine Soukra,2025,2025-07-24,7,Visite,Astree,RDC,FO,177,0,Bouteille +1 Vide
015922,Ma cuisine,Soukra,Ma cuisine Soukra,2025,2025-07-24,7,Visite,Astree,+1,FO,0,0,
015908,Turquoise,Centre Urbain Nord,Turquoise Centre Urbain Nord,2025,2025-07-23,7,Visite,Zee300,Entree,FM,0,300,Récupération Bouteille (V) Vide
015952,Ambiance d'autrefois,Soukra,Ambiance d'autrefois Soukra,2025,2025-07-30,7,Visite,Astree,Entree,Mélange,37,300,
015918,JC,Manzah 5,JC Manzah 5,2025,2025-07-23,7,Visite,Astree,au fond,F.thé,61,300,changement plage horaire de 9:30-17 à 9:30-19
015927,Le sportif,Soukra,Le sportif Soukra,2025,2025-07-24,7,Visite,Aromair100,Entree,Mélange,300,300,changement de parfum Mélange par P.O
015957,Docteur Salsabil,Soukra,Docteur Salsabil Soukra,2025,2025-07-31,7,Visite,Astree,Entree,FM,300,300,
015917,Café Numa (FDL),Manzah 8,Café Numa (FDL) Manzah 8,2025,2025-07-23,7,Visite,Zee300,Entree,RG,0,300,changement programme 2 Diff P.H: 8-12/19-23
015917,Café Numa (FDL),Manzah 8,Café Numa (FDL) Manzah 8,2025,2025-07-23,7,Visite,Zee300,WC,RG,0,300,
015905,Mme Leveque,Gammarth,Mme Leveque Gammarth,2025,2025-07-23,7,Visite,Astree,Entree,TH,0,300,Bouteille Vide
015912,Para Pharmacie Geriga,Bardo,Para Pharmacie Geriga Bardo,2025,2025-07-23,7,Visite,Aromair100,au fond,Fe 9,10,300,Bouteille Vide + Décalage horaire
015916,Enzo,Manzah 8,Enzo Manzah 8,2025,2025-07-23,7,Visite,Tour,au milieu,Fe 2,371,0,changement prog Diff Tour P.H 9-13
015916,Enzo,Manzah 8,Enzo Manzah 8,2025,2025-07-23,7,Visite,Aromair100,Entree,Fc 3,208,300,
015916,Enzo,Manzah 8,Enzo Manzah 8,2025,2025-07-23,7,Visite,Astree,VIP,RG,239,0,
015964,Bonne affaire,Aouina,Bonne affaire Aouina,2025,2025-07-31,7,Visite,Astree,Entrée,Mélange,80,300,débranché
015963,Nasria,SFAX,Nasria SFAX,2025,2025-07-31,7,Visite,Astree,Entrée,Mélange,0,300,Bouteille Vide
015911,Pharmacie Guiga,Bardo,Pharmacie Guiga Bardo,2025,2025-07-23,7,Visite,Aromair100,caisse,Fe 9,0,300,Bouteille Vide + Temps d'arret
015910,JC,Bardo,JC Bardo,2025,2025-07-23,7,Visite,Astree,caisse,F.thé,51,300,aucun Problème Détecter
015846,Saveurs de Carthage,Jardin de carthage,Saveurs de Carthage Jardin de carthage,2025,2025-07-22,7,Visite,Aromair100,Entree,Mélange,169,0,changement d'emplacement
015848,JC,GP9,JC GP9,2025,2025-07-22,7,Visite,Iceburg,Entree,F.thé,7,0,Bouteille de 7 ML presque vide
015902,Barista's,Ariana,Barista's Ariana,2025,2025-07-22,7,Visite,Aromair100,WC,Fe 3,39,300,Bouteille de 39 ML
015909,Business Hotel,Tunis,Business Hotel Business Hotel,2025,2025-07-23,7,Visite,Zephyr,RDC,NO,25,300,Temps d'arret
015909,Business Hotel,Tunis,Business Hotel Business Hotel,2025,2025-07-23,7,Visite,Astree,+2,with jasmin,0,300,
015909,Business Hotel,Tunis,Business Hotel Business Hotel,2025,2025-07-23,7,Visite,Astree,+3,with jasmin,0,300,
015909,Business Hotel,Tunis,Business Hotel Business Hotel,2025,2025-07-23,7,Visite,Astree,+4,with jasmin,61,300,
015909,Business Hotel,Tunis,Business Hotel Business Hotel,2025,2025-07-23,7,Visite,Astree,+5,with jasmin,146,300,
015847,Le monde est petit,GP2,Le monde est petit GP2,2025,2025-07-22,7,Visite,Aromair100,au fond,FC,0,300,Bouteille Vide
015961,Um 2 Tacin,Mall Sfax,Um 2 Tacin Mall Sfax,2025,2025-07-31,7,Visite,Centrale/CTA,au plafond,RG,357,600,changement de Fréquence 05-05 à 60-240
015904,Café Numa,Manzah 8,Café Numa Manzah 8,2025,2025-07-22,7,Visite,Zee300,Entree,RG,0,0,Deux Bouteille vide
015904,Café Numa,Manzah 8,Café Numa Manzah 8,2025,2025-07-22,7,Visite,Zee300,WC,RG,0,0,
015951,Diar Andalous,Sousse,Diar Andalous Sousse,2025,2025-07-30,7,Visite,Centrale/CTA,Recep,with jasmin,2317,0,Reparation fuite d'air diff central + 2
015951,Diar Andalous,Sousse,Diar Andalous Sousse,2025,2025-07-30,7,Visite,Centrale/CTA,+2,BT,1186,0,
015951,Diar Andalous,Sousse,Diar Andalous Sousse,2025,2025-07-30,7,Visite,Aomair50,WC H,BT,2100,0,
015951,Diar Andalous,Sousse,Diar Andalous Sousse,2025,2025-07-30,7,Visite,Aromair150,wc F,BT,128,0,
015951,Diar Andalous,Sousse,Diar Andalous Sousse,2025,2025-07-30,7,Visite,Aromair150,WC Recep,BT,121,0,
015951,Diar Andalous,Sousse,Diar Andalous Sousse,2025,2025-07-30,7,Visite,Aomair50,WC F Recep,BT,250,0,
015951,Diar Andalous,Sousse,Diar Andalous Sousse,2025,2025-07-30,7,Visite,Astree,prestige,lin,5,0,
015962,Apia Megdich,SFAX,Apia Megdich SFAX,2025,2025-07-31,7,Visite,Aromair100,Entrée,RG,52,300,Récuperation Bouteille(s) 52 ml
015960,Kuriat Palace,Monastir,Kuriat Palace Monastir,2025,2025-07-31,7,Visite,Iceburg,spa,BT,229,0,Diffuseur Iceberg couloir spa endommagé
015960,Kuriat Palace,Monastir,Kuriat Palace Monastir,2025,2025-07-31,7,Visite,Aromair150,WC H Recep,BT,212,0,
015960,Kuriat Palace,Monastir,Kuriat Palace Monastir,2025,2025-07-31,7,Visite,Aromair150,WC F Recep,BT,204,0,
015960,Kuriat Palace,Monastir,Kuriat Palace Monastir,2025,2025-07-31,7,Visite,Zee300,Bar,BT,113,0,
015960,Kuriat Palace,Monastir,Kuriat Palace Monastir,2025,2025-07-31,7,Visite,Zee300,Reception,BT,806,0,
015960,Kuriat Palace,Monastir,Kuriat Palace Monastir,2025,2025-07-31,7,Visite,Iceburg,couloir spa,BT,193,0,
015680,Geox,Mall Sousse,Geox Mall Sousse,2025,2025-06-30,6,Visite,Aromair100,au fond,Fc 9,300,300,livraison diff AR100 CPM Noir + 300 ML Fc 9
015686,Geox,Marsa,Geox Marsa,2025,2025-07-01,7,Visite & Livraison,Aromair100,Entrée,E.thé,0,300,Bouteille Vide
015688,CiPalin,Jardin de carthage,CiPalin Jardin de carthage,2025,2025-07-01,7,Visite & Livraison,Astree,Entrée,F.the,0,300,Bouteille Vide
015689,il invest,lac 2,il invest lac 2,2025,2025-07-01,7,Visite,Aromair150,salle réunion,V,0,0,support diffuseur Salle Réunion N'est pas bien Fixé
015690,Soquibat,Lac 1,Soquibat Lac 1,2025,2025-07-01,7,Visite,Astree,Entree,cashmin,99,0,Décalage horaire
015692,SACNAS TRADING Mon Coin,Menzah 9,SACNAS TRADING Mon Coin Menzah 9,2025,2025-07-01,7,Visite & Livraison,Aromair100,au fond,Fc 3,20,300,Bouteille presque Vide avec 20 ML Fe 3
015693,Zaia,Soukra,Zaia Soukra,2025,2025-07-01,7,Visite,Astree,Entrée,FO,216,0,Tête bouteille bouché
015696,Innov 8,Ariana,Innov 8 Ariana,2025,2025-07-02,7,Visite & Livraison,Zee300,RDC,jasmin N,0,300,"3 bouteilles vides, Récup Diff Iceberg Noir"
015696,Innov 8,Ariana,Innov 8 Ariana,2025,2025-07-02,7,Visite & Livraison,Zee300,+1,lin,0,300,
015696,Innov 8,Ariana,Innov 8 Ariana,2025,2025-07-02,7,Visite & Livraison,Zee300,-1,lin,0,300,
015697,Enzo,Ennasr,Enzo Ennasr,2025,2025-07-02,7,Visite,Astree,caisse,Fe 9,213,0,le client est en Train de fermer diffuseur
015699,Lajmi,Menzah 5,Lajmi Menzah 5,2025,2025-07-02,7,Visite & Livraison,Aromair100,Entrée,Ambre,0,150,Bouteille Vide
015700,Movenpick,lac 1,Movenpick lac 1,2025,2025-07-02,7,Visite & Réparation,Zee600,au milieu,PO,526,0,Décalage horaire Zee 600
015700,Movenpick,lac 1,Movenpick lac 1,2025,2025-07-02,7,Visite & Réparation,Astree,droite,PO,131,0,Bouchage pour les 2 diffuseurs Astree
015700,Movenpick,lac 1,Movenpick lac 1,2025,2025-07-02,7,Visite & Réparation,Astree,gauche,PO,88,0,
015701,Pelylighting,GP9,Pelylighting GP9,2025,2025-07-02,7,Visite & Livraison,Astree,Entrée,Jb,300,300,Diffuseur Sans Bouteille
015702,The blue,Megrine,The blue Megrine,2025,2025-07-02,7,Visite & Livraison,Aromair100,+1,agrume,0,300,Bouteille Vide
015703,Diar L'andalous,Sousse,Diar L'andalous Sousse,2025,2025-07-03,7,Visite & Livraison,V,Stack,lin,0,7000,Récuperation 8 bouteille (V) Vide
015713,l'etable,Lac 1,l'etable Lac 1,2025,2025-07-05,7,Livraison,V,Stack,white jas,0,600,
015752,Hertz,charguia,Hertz charguia,2025,2025-07-10,7,Visite,Astree,Entrée,with jasmin,0,0,Bouteille Vide
015726,centrale Tunisie,Lac 1,centrale Tunisie Lac 1,2025,2025-07-07,7,Visite,Astree,Entrée,Melange,119,0,
015726,centrale Tunisie,Lac 1,centrale Tunisie Lac 1,2025,2025-07-07,7,Visite,Astree,au fond,Melange,64,0,
015720,Mme ben yedder,Soukra,Mme ben yedder Soukra,2025,2025-07-05,7,Livraison,Iceburg,salon,jB,300,300,Probleme de carte wifi ne détecté au application
015720,Mme ben yedder,Soukra,Mme ben yedder Soukra,2025,2025-07-05,7,Livraison,Iceburg,salon,PO,300,300,
015718,Forest,Tunis,Forest Tunis,2025,2025-07-05,7,Visite,Aromair100,WC,Fe 3,138,0,changement de palage horaire
015715,Kort,Marsa,Kort Marsa,2025,2025-07-05,7,Livraison,Iceburg,au fond,Fe 2,300,300,
015711,Barista's,Aouina,Barista's Aouina,2025,2025-07-05,7,Visite & Livraison,Centrale/CTA,comptoir,cafe,18,150,Bouteille presque Vide de 18 ML
015729,MACA,charguia,MACA charguia,2025,2025-07-08,7,Visite,Aromair100,INC 1,Mélange,119,0,Récupération 2 Diffuseurs Zee 300
015729,MACA,charguia,MACA charguia,2025,2025-07-08,7,Visite,Aromair100,WC 2,Mélange,104,0,
015729,MACA,charguia,MACA charguia,2025,2025-07-08,7,Visite,Zee300,Sall 1,V,0,0,
015729,MACA,charguia,MACA charguia,2025,2025-07-08,7,Visite,Zee,Entree,V,0,0,
015714,Tony Nass,GP9,Tony Nass GP9,2025,2025-07-05,7,Visite & Livraison,Aromair100,Entrée,Fc 9,47,300,
015716,Sky Bar,Gammarth,Sky Bar Gammarth,2025,2025-07-05,7,Visite & Livraison,Aromair100,Entrée,Peace,110,300,Bouteille perimée de date 14-11-22 avec quantité 110 ML
015748,Tuniscount,Soukra,Tuniscount Soukra,2025,2025-07-10,7,Réparation,Astree,D,Fe 9,289,0,D'aprés diagnostique des deux diffuseurs et du Parfum Nous n'avons trouvé aucun problème
015748,Tuniscount,Soukra,Tuniscount Soukra,2025,2025-07-10,7,Réparation,Astree,D,Fc 9,216,0,
015705,la Rose blanche,Sousse,la Rose blanche Sousse,2025,2025-07-03,7,Livraison,Zee300,RDC,jb,170,300,changement de parfum
015705,la Rose blanche,Sousse,la Rose blanche Sousse,2025,2025-07-03,7,Livraison,Zee300,RDC,jb,160,300,
015708,Machewi 5 étoiles,Borj Twil,Machewi 5 étoiles Borj Twil,2025,2025-07-04,7,Visite,Zee300,Entrée,Mélange,0,500,ils doivent brancher deux prises électriques
015708,Machewi 5 étoiles,Borj Twil,Machewi 5 étoiles Borj Twil,2025,2025-07-04,7,Visite,Zee300,au fond,Mélange,0,500,
015725,Ryme Attia,Lac 1,Ryme Attia Lac 1,2025,2025-07-07,7,Visite,Iceburg,Entrée,Mélange,16,0,Dé
015973,Mon coin,Manzah 9,Mon coin Manzah 9,2025,2025-08-01,8,Visite,Aromair100,au fond,Fc 3,66,0,aucun probleme détecté Nettoyage diffuseur
016012,Kort,Soukra,Kort Soukra,2025,2025-08-06,8,Visite,Aromair100,Entree,Fe 9,177,0,
016022,centre Masam,Ezzahra,centre Masam Ezzahra,2025,2025-08-11,8,Visite,Aromair100,Entree,white jas,15,0,Bouteilles Vide
016022,centre Masam,Ezzahra,centre Masam Ezzahra,2025,2025-08-11,8,Visite,Aromair100,Hamem,white jas,29,0,
016022,centre Masam,Ezzahra,centre Masam Ezzahra,2025,2025-08-11,8,Visite,Aromair100,+3 D,white jas,0,0,
016022,centre Masam,Ezzahra,centre Masam Ezzahra,2025,2025-08-11,8,Visite,Aromair100,+3 G,white jas,0,0,
016022,centre Masam,Ezzahra,centre Masam Ezzahra,2025,2025-08-11,8,Visite,Aromair100,+4,with jasmin,0,0,
015976,sky Bar,Gammarth,sky Bar Gammarth,2025,2025-08-02,8,Visite,Aromair100,Entree,FO,133,0,Nettoyage Diffuseur
016013,La joie,Palmarium,La joie Palmarium,2025,2025-08-06,8,Visite,Astree,Entree,RG,166,0,tête bouché Débouchage Tête bouteille (D)
016005,Innov 8,Cité ghezela,Innov 8 Cité ghezela,2025,2025-08-06,8,Visite,Zee300,RDC,JN,179,0,Décalage horaire Diff salle Réun Iceberg Nettoyage diffuseurs
016005,Innov 8,Cité ghezela,Innov 8 Cité ghezela,2025,2025-08-06,8,Visite,Zee300,+1,JN,216,0,
016005,Innov 8,Cité ghezela,Innov 8 Cité ghezela,2025,2025-08-06,8,Visite,Zee300,-1,JN,200,0,
016005,Innov 8,Cité ghezela,Innov 8 Cité ghezela,2025,2025-08-06,8,Visite,Iceburg,salle Réunion,Coco Vanille,238,0,
015972,Lajmi,Manzah 5,Lajmi Manzah 5,2025,2025-08-01,8,Visite,Aromair100,Entrée,Ambre,117,0,Diffuseur Ferme Par Personnel
015970,City Desk,Soukra,City Desk Soukra,2025,2025-08-01,8,Visite,Aromair100,Entrée,Mélange,45,300,livraison Bouteille (s) 300 ML + Récup Bouteille (s) de 45 ML changement Freq
015969,Paly lighting,GP9,Paly lighting GP9,2025,2025-08-01,8,Visite,Astree,Entrée,JB,183,0,Nettoyage Diff + colle + autocollant appliqué
015967,Little Asia,GP9,Little Asia GP9,2025,2025-08-01,8,Visite,Aromair100,Entrée,Sakura,61,0,Nettoyage diffuseurs
015965,Golf,Marsa,Golf Marsa,2025,2025-08-01,8,Visite,Aromair100,WC H,The vert,0,150,Deux Bouteille vide + Décalage horaire livraison 2 Bouteille (s) 150 ml
015965,Golf,Marsa,Golf Marsa,2025,2025-08-01,8,Visite,Aromair100,WC F,The vert,0,150,
016010,Kert,Marsa,Kert Marsa,2025,2025-08-06,8,Visite,Iceburg,au fond,Fe 9,244,0,Nettoyage diffuseur + colle + autocollant
016021,Tony Nass,GP9,Tony Nass GP9,2025,2025-08-11,8,Visite,Aromair100,Entrée,Fe 9,136,0,
016018,Palma,Soukra,Palma Soukra,2025,2025-08-11,8,Visite,Astree,RDC,oud boise,109,0,Nettoyage diffuseurs + colle + autocollant
016018,Palma,Soukra,Palma Soukra,2025,2025-08-11,8,Visite,Astree,+1,oud boise,93,0,
016017,AF collection,Soukra,AF collection Soukra,2025,2025-08-11,8,Visite,Astree,+1,RG,0,300,Débranché Nettoyage Diff + colle + autocollant Appliqué
016016,Future Generation,Aouina,Future Generation Aouina,2025,2025-08-11,8,Visite,Aromair100,Entree,Fe 3,0,150,livraison 2 Bouteille (s) 150 ML changement plage horaire
016016,Future Generation,Aouina,Future Generation Aouina,2025,2025-08-11,8,Visite,Aromair100,au fond,Fc 3,84,150,
016014,la joie,Rue Charles de Gaulle,la joie Rue Charles de Gaulle,2025,2025-08-06,8,Visite,Astree,au fond,AG,203,0,Diffusion faible tête bouché Nettoyage Diff + Tuyau à l'exterieur
016015,la joie,Rue d'allemagne,la joie Rue d'allemagne,2025,2025-08-06,8,Visite,Astree,Entree,RG,243,0,Diffuseur Fermé par personnel Nettoyage diffuseur
016011,Table Espace,Marsa,Table Espace Marsa,2025,2025-08-06,8,Visite,Astree,Entree,Thé Vert,300,0,Tête Bouché changement Tête bouteille (O)
016009,CiPalin,Jardin de carthage,CiPalin Jardin de carthage,2025,2025-08-06,8,Visite,Astree,Entree,E. thé,99,0,Nettoyage + colle + autocollant + Tuyau à l'exterieur
016008,ARThephage,Lac 1,ARThephage Lac 1,2025,2025-08-06,8,Visite,Aromair100,Entrée,lin,133,0,client demandes des échantillons
016006,STMI,Cité ghazela,STMI Cité ghazela,2025,2025-08-06,8,Visite,N/A,N/A,N/A,0,0,Récuperation Diffuseur AR100 AFF + support pour Réparation
016004,Ceram,Mnihla,Ceram Mnihla,2025,2025-08-06,8,Visite,Zee300,au fond,TH,354,600,livraison Bouteille (V) 600 ML + Récuperation Bouteille (V) Vide
016003,Galata,Hannah 9,Galata Hannah 9,2025,2025-08-06,8,Visite,Astree,Entree D,Coco,227,0,Nettoyage & Diffuseur Tête bouché
016003,Galata,Hannah 9,Galata Hannah 9,2025,2025-08-06,8,Visite,Astree,Entree G,Coco,185,300,
016002,716,Manzah 6,716 Manzah 6,2025,2025-08-06,8,Visite,Aromair100,WC H,Fig,0,300,2 Bouteille (s) WC H+F Vide livraison 2 Bouteille (s)
016002,716,Manzah 6,716 Manzah 6,2025,2025-08-06,8,Visite,Aromair100,WC F,Fig,0,300,
016026,Make up for ever,Ennasr,Make up for ever Ennasr,2025,2025-08-12,8,Visite,Iceburg,Entree,Mélange,206,0,livraison des échantillons changement Frequence Diffusion
016023,Radisson blu,Tunis,Radisson blu Tunis,2025,2025-08-12,8,Visite,Zee300,+13,RU,364,140,Récuperation Diffuseur Tour Gris livraison 140 ML (V)
015975,Restaurant Golf,Marsa,Restaurant Golf Marsa,2025,2025-08-02,8,Livraison,N/A,N/A,N/A,0,0,livraison 4 spray 250 ML Thé vert
016100,Camomille,Soukra,Camomille Soukra,2025,2025-08-21,8,Visite,Iceburg,RDC,FC,0,0,Nettoyage + colle + autocollant + Tuyau à l'exterieur
016100,Camomille,Soukra,Camomille Soukra,2025,2025-08-21,8,Visite,Iceburg,+1,FC,0,0,
016100,Camomille,Soukra,Camomille Soukra,2025,2025-08-21,8,Visite,Iceburg,+1 au fond,FC,97,0,Debranchée
015987,Spectra,Lac 3,Spectra Lac 3,2025,2025-08-04,8,Visite,Astree,RDC,F.thé,0,300,j'ai bien Appliqué colle + autocollant livraison 300 ML
015982,S.T.A.T TABL'ESPACE,Marsa,S.T.A.T TABL'ESPACE Marsa,2025,2025-08-04,8,Visite,Astree,Entree,FC,22,300,Debranché j'ai bien Appliqué colle + autocollant
015981,Barista's,Aouina,Barista's Aouina,2025,2025-08-04,8,Visite,Centrale/CTA,comptoir,Café,20,150,livraison Bouteille (s) 150 ML Récuperation Bouteille (s) de 20 ML
015985,Talgata,Marsa,Talgata Marsa,2025,2025-08-04,8,Visite,N/A,N/A,N/A,0,0,livraison on des échantillons RG + RW + cologne + agrume
015984,Dar Saied,Sidi Bousaid,Dar Saied Sidi Bousaid,2025,2025-08-04,8,Visite,Iceburg,Entree,Myrth,51,0,Nettoyage diffuseur + colle autocollant appliqué
015978,Padel,Soukra,Padel Soukra,2025,2025-08-02,8,Visite,Aromair100,WC F,lin,20,300,livraison 2 Bouteille (s) 300 ML + Récup 2 Bouteille (s) Vide
015978,Padel,Soukra,Padel Soukra,2025,2025-08-02,8,Visite,Aromair100,WC H,lin,30,300,
015978,Padel,Soukra,Padel Soukra,2025,2025-08-02,8,Visite,Zee600,Entree,FM,258,300,changement Emplacement diffuseur Zee 600
015986,Saveurs de carthage,Jardin de carthage,Saveurs de carthage Jardin de carthage,2025,2025-08-04,8,Visite,Aromair100,Entree,Mélange,131,0,Visite
015988,Table Espace,Lac 1,Table Espace Lac 1,2025,2025-08-04,8,Visite,Astree,Entree,F. thé,0,300,Bouteille vide j'ai bien Appliqué colle + autocollant
015983,Dar Zarrouk,Sidi Bousaid,Dar Zarrouk Sidi Bousaid,2025,2025-08-04,8,Visite,Aromair100,Salle 1,JB,0,300,livraison 2 Bouteille (s) 300 ML Récuperation Bouteille (s) Vide
015983,Dar Zarrouk,Sidi Bousaid,Dar Zarrouk Sidi Bousaid,2025,2025-08-04,8,Visite,Aromair100,Salle 2,JB,64,300,
015991,Vision Store,Menzah 4,Vision Store Menzah 4,2025,2025-08-04,8,Visite,Aromair100,Entree,FO,133,0,
015977,Movenpick,Lac 1,Movenpick Lac 1,2025,2025-08-02,8,Visite,Zee600,Recep Spa,PO,211,600,Débranché j'ai bien Appliqué colle autocollant
015977,Movenpick,Lac 1,Movenpick Lac 1,2025,2025-08-02,8,Visite,Astree,SPA couloir D,PO,0,150,2 Bouteille (s) vide
015977,Movenpick,Lac 1,Movenpick Lac 1,2025,2025-08-02,8,Visite,Astree,SPA couloir G,PO,0,150,
015992,Zaia,Soukra,Zaia Soukra,2025,2025-08-04,8,Visite,Astree,Entree,FO,69,0,j'ai bien appliqué colle + autocollant
016001,Floralie,Soukra,Floralie Soukra,2025,2025-08-05,8,Visite,Iceburg,RDC,E.thé,18,300,Debranchée j'ai bien appliqué colle autocollant
016001,Floralie,Soukra,Floralie Soukra,2025,2025-08-05,8,Visite,Iceburg,+1,E.thé,36,300,
015994,Toyota,GP9,Toyota GP9,2025,2025-08-05,8,Visite,Zee300,Entree,RG,0,300,Nettoyage circuit diffusion livraison Bouteille (V) 300 ML
015995,Maison,Sidi Bousaid,Maison Sidi Bousaid,2025,2025-08-05,8,Visite,Tour,RDC,FM,53,300,Nettoyage circuit Diffusion Pour 3 diffuseurs
015995,Maison,Sidi Bousaid,Maison Sidi Bousaid,2025,2025-08-05,8,Visite,Zee300,+1,FM,68,300,
015995,Maison,Sidi Bousaid,Maison Sidi Bousaid,2025,2025-08-05,8,Visite,Zee300,-1,FM,79,300,
015990,Tiffany,Manzah 5,Tiffany Manzah 5,2025,2025-08-04,8,Visite,Aomair50,Boutique Homme,RW,0,300,Bouteille périmée j'ai bien Appliqué colle + autocollant
015990,Tiffany,Manzah 5,Tiffany Manzah 5,2025,2025-08-04,8,Visite,Astree,Boutique Femme,FC,0,300,
015998,Carlton,Tunis,Carlton Tunis,2025,2025-08-05,8,Visite,Aromair100,+3,Mélange,226,0,Decalage Réglage horaire
015997,Floralie,Lac 3,Floralie Lac 3,2025,2025-08-05,8,Visite,Zee600,Entree,F.thé,0,600,livraison Bouteille (V) 600 ML + Récup Bouteille (V) Vide
015996,Seashell,Gammarth,Seashell Gammarth,2025,2025-08-05,8,Visite,Zee300,Entree,agrume,300,0,Il n'y a pas source de courant livraison diffuseurs
015996,Seashell,Gammarth,Seashell Gammarth,2025,2025-08-05,8,Visite,Aromair150,WC F,agrume,300,300,
015996,Seashell,Gammarth,Seashell Gammarth,2025,2025-08-05,8,Visite,Aromair150,WC H,agrume,300,300,
015999,Forest,Tunis,Forest Tunis,2025,2025-08-05,8,Visite,Aromair100,WC,Fe 3,0,300,livraison Bouteille 300 ML changement Fréquence
015211,HG YKONE,Lac 1,HG YKONE Lac 1,2025,2025-08-28,8,Livraison,Astree,+1,RG,0,300,Récupération Bouteilles Vides OUI: 2.
015211,HG YKONE,Lac 1,HG YKONE Lac 1,2025,2025-08-28,8,Livraison,Zee300,+3,RG,0,300,
016117,Sunset,Lac 1,Sunset Lac 1,2025,2025-08-28,8,Visite,Astree,Entrée,Fe 2,0,300,Bouteille Vide Nettoyage + colle + autocollant
016118,FakhFakh,Lac 1,FakhFakh Lac 1,2025,2025-08-28,8,Visite,Astree,RDC,RG,0,300,autocollant arraché diff +1 Nettoyage + colle + autocollant
016118,FakhFakh,Lac 1,FakhFakh Lac 1,2025,2025-08-28,8,Visite,Iceburg,+1,Mélange,63,0,Paiement especes 250.000
016119,Villa DiDon,Sidi Bousaid,Villa DiDon Sidi Bousaid,2025,2025-08-23,8,Visite,Zee600,Entree,Fig,77,600,livraison Bouteille (V) 600 ML changement fréquence
016120,FDL,Manzah 8,FDL Manzah 8,2025,2025-08-23,8,Visite,Zee300,Entree,RG,0,300,Nettoyage circuit diffusion pour 2 Diffuseurs
016120,FDL,Manzah 8,FDL Manzah 8,2025,2025-08-23,8,Visite,Zee300,WC,RG,0,300,
016121,Lord,Soukra,Lord Soukra,2025,2025-08-23,8,Livraison,Aromair100,Entree,RG,0,300,livraison Bouteille (s) 300 ML
016123,le sportif,Soukra,le sportif Soukra,2025,2025-08-23,8,Visite,Zephyr,Entrée,PO,20,300,livraison Bouteille (s) 300 ML + Récup Bouteille (s) 20 ML
016122,Equipement concept,Soukra,Equipement concept Soukra,2025,2025-08-23,8,Visite,Astree,RDC,RG,0,300,Récuperation 2 Bouteille vide + colle + autocollant
016122,Equipement concept,Soukra,Equipement concept Soukra,2025,2025-08-23,8,Visite,Astree,+1,RG,0,300,
016125,Zinnia,Soukra,Zinnia Soukra,2025,2025-08-23,8,Visite,Iceburg,au fond,RG,54,0,Nettoyage + colle + autocollant + Tuyau à l'exterieur
016126,Rantoui Bey,Sousse,Rantoui Bey Sousse,2025,2025-08-25,8,Visite,Centrale/CTA,Bouteille 1,PO,800,800,changement 2 bouteille diff central livraison Diff tous gris
016126,Rantoui Bey,Sousse,Rantoui Bey Sousse,2025,2025-08-25,8,Visite,Centrale/CTA,Bouteille 2,PO,800,800,
016126,Rantoui Bey,Sousse,Rantoui Bey Sousse,2025,2025-08-25,8,Visite,Tous,Réception,PO,500,500,changement Plage hor aire wc piscine de 8-23
016128,Kuriat Palace,Monastir,Kuriat Palace Monastir,2025,2025-08-25,8,Visite,N/A,N/A,N/A,0,0,livraison 4 Bouteille (V) 1 litre + 12 Bouteille (V) 300 ML
016127,Diar Andalous,Sousse,Diar Andalous Sousse,2025,2025-08-25,8,Visite,N/A,N/A,N/A,0,0,Problème carte wifi pour diffuseur central au Reception
016137,Rids,Lac 2,Rids Lac 2,2025,2025-08-26,8,Visite,Centrale/CTA,Bouteill. salon,FM,300,300,installation 2 Bouteille (s) 300 ML pour diffuseur central
016137,Rids,Lac 2,Rids Lac 2,2025,2025-08-26,8,Visite,Centrale/CTA,Bouteill. wc,F.the,300,300,
016090,Centre Emma Fakhfakh,Jardin de carthage,Centre Emma Fakhfakh Jardin de carthage,2025,2025-08-20,8,Visite,Astree,Entree,Fe 9,55,0,Nettoyage + colle + autocollant + Tuyau à l'exterieur
016090,Centre Emma Fakhfakh,Jardin de carthage,Centre Emma Fakhfakh Jardin de carthage,2025,2025-08-20,8,Visite,AR 300,+1,V,0,0,
016124,Geliamo,Marsa,Geliamo Marsa,2025,2025-08-23,8,Visite,Aromair150,Entree,FO,0,300,livraison Diffuseur AR150 + Bouteille 300 ML
016106,Ligne Roset,Marsa,Ligne Roset Marsa,2025,2025-08-22,8,Visite,Astree,au fond,oud,47,0,Nettoyage + colle + autocollant + Tuyau à l'exterieur
016107,Fakhfakh,Lac 1,Fakhfakh Lac 1,2025,2025-08-22,8,Visite,Astree,RDC,RG,0,0,Nettoyage + colle + autocollant + Tuyau à l'exterieur
016109,Business Hotel,Tunis,Business Hotel Tunis,2025,2025-08-22,8,Visite,Zephyr,RDC,N.O,0,300,Fuite Tuyau à l'exterieur diff +4 livraison Bouteille (s)
016109,Business Hotel,Tunis,Business Hotel Tunis,2025,2025-08-22,8,Visite,Astree,+2,F.W,51,300,
016109,Business Hotel,Tunis,Business Hotel Tunis,2025,2025-08-22,8,Visite,Astree,+3,F.W,62,300,
016109,Business Hotel,Tunis,Business Hotel Tunis,2025,2025-08-22,8,Visite,Astree,+4,F.W,167,300,
016109,Business Hotel,Tunis,Business Hotel Tunis,2025,2025-08-22,8,Visite,Astree,+5,F.W,111,300,
016110,Barista's,Ariana,Barista's Ariana,2025,2025-08-22,8,Visite,Aromair100,WC,Fe 3,99,0,client demandes des échantillons
016112,Equipement concept,Soukra,Equipement concept Soukra,2025,2025-08-22,8,Visite,Astree,RDC,RG,0,0,Nettoyage + colle + autocollant + Tuyau à l'exterieur
016112,Equipement concept,Soukra,Equipement concept Soukra,2025,2025-08-22,8,Visite,Astree,+1,RG,0,0,
016113,Zaia,Soukra,Zaia Soukra,2025,2025-08-22,8,Visite,Astree,Entree,FO,69,0,Nettoyage + colle + autocollant + Tuyau à l'exterieur
016114,Camomille,Soukra,Camomille Soukra,2025,2025-08-22,8,Visite,Iceburg,RDC,FC,0,300,livraison 2 Bouteille (s) 300 ML Nettoyage + Tuyau à l'exterieur
016114,Camomille,Soukra,Camomille Soukra,2025,2025-08-22,8,Visite,Iceburg,+1,Fe,0,300,
016099,AF collection,Soukra,AF collection Soukra,2025,2025-08-21,8,Visite,Astree,RDC,RG,52,0,Nettoyage + colle + autocollant + Tuyau à l'exterieur
016098,Radisson blu,Tunis,Radisson blu Tunis,2025,2025-08-21,8,Visite,Centrale/CTA,-,Composition,0,0,central Vide + Diff + 11 colle + autocollant arraché
016098,Radisson blu,Tunis,Radisson blu Tunis,2025,2025-08-21,8,Visite,Zee300,+13,RU,362,0,
016098,Radisson blu,Tunis,Radisson blu Tunis,2025,2025-08-21,8,Visite,Astree,PDG,Fe 3,28,0,
016098,Radisson blu,Tunis,Radisson blu Tunis,2025,2025-08-21,8,Visite,Astree,+1,Fe 9,130,0,
016098,Radisson blu,Tunis,Radisson blu Tunis,2025,2025-08-21,8,Visite,Astree,+11,Fe 9,176,0,
016046,FDL,Manzah 8,FDL Manzah 8,2025,2025-08-14,8,Visite,Zee300,Entrée,V,39,0,Debranche Diffuseurs Fermé Par Personnel
016046,FDL,Manzah 8,FDL Manzah 8,2025,2025-08-14,8,Visite,Zee300,Entree,V,90,0,
016096,Ceram Square,GP9,Ceram Square GP9,2025,2025-08-21,8,Visite,Zee300,RDC,TH,112,300,Nettoyage + colle + autocollant + Tuyau à l'exterieur
016096,Ceram Square,GP9,Ceram Square GP9,2025,2025-08-21,8,Visite,Astree,+1,TH,103,0,
016096,Ceram Square,GP9,Ceram Square GP9,2025,2025-08-21,8,Visite,Astree,+2,TH,98,0,
016095,Ceram garden,GP9,Ceram garden GP9,2025,2025-08-21,8,Visite,Zee300,RDC,TH,109,300,Nettoyage + colle + autocollant + Tuyau à l'exterieur
016095,Ceram garden,GP9,Ceram garden GP9,2025,2025-08-21,8,Visite,Astree,+1,TH,90,0,
016095,Ceram garden,GP9,Ceram garden GP9,2025,2025-08-21,8,Visite,Astree,+2,TH,146,0,
016094,club NA,Gammarth,club NA Gammarth,2025,2025-08-21,8,Visite,Zee300,Entree,agrume,0,300,Tête Bouteille WC F Bouché changement pile diff WC H
016094,club NA,Gammarth,club NA Gammarth,2025,2025-08-21,8,Visite,Aromair100,WC H,Peace,43,300,
016094,club NA,Gammarth,club NA Gammarth,2025,2025-08-21,8,Visite,Aromair100,WC F,Cosmas,80,300,
016093,Rids,Lac 2,Rids Lac 2,2025,2025-08-21,8,Visite,N/A,N/A,N/A,0,0,Récuperation 2 cache de diffuseurs central + caste AFF
016115,la Turquoise,Centre Urbain Nord,la Turquoise Centre Urbain Nord,2025,2025-08-23,8,Visite,Zee300,Entree,FM,0,300,livraison Bouteille (V) 300 ML
016116,Radisson blu,Tunis,Radisson blu Tunis,2025,2025-08-23,8,Visite,Centrale/CTA,Bouteille G,composition,0,500,Bouteille G+D vide livraison Bouteille (V) 1 litre
016116,Radisson blu,Tunis,Radisson blu Tunis,2025,2025-08-23,8,Visite,Centrale/CTA,Bouteille D,composition,0,500,
016131,Corail,Lac 2,Corail Lac 2,2025,2025-08-26,8,Visite,Tous,Reception,FM,74,300,livraison Bouteille (V) 300 ML
016134,716,Manzah 6,716 Manzah 6,2025,2025-08-26,8,Visite,Zee600,Entree 1,RU,320,900,Problème Prise courant Diff Entree 1 Nettoyage circuit
016134,716,Manzah 6,716 Manzah 6,2025,2025-08-26,8,Visite,Zee600,Entree 2,RU,0,900,
016134,716,Manzah 6,716 Manzah 6,2025,2025-08-26,8,Visite,Zee600,Entree 3,RU,0,900,
016134,716,Manzah 6,716 Manzah 6,2025,2025-08-26,8,Visite,Aromair500,Lustre,RU,277,500,
016130,Barista's,Jardin de carthage,Barista's Jardin de carthage,2025,2025-08-26,8,Visite,Aromair100,WC,Peace,112,0,changement Prog - Plage horaire 8:30 - 20:30
016129,Game Production,GP9,Game Production GP9,2025,2025-08-26,8,Visite,Centrale/CTA,+1,PO,0,300,Vide livraison Bouteille (V) 300 ML
015206,Ykone,Lac 1,Ykone Lac 1,2025,2025-08-27,8,Visite,Zee300,RDC,RG,212,0,
015206,Ykone,Lac 1,Ykone Lac 1,2025,2025-08-27,8,Visite,Zee300,+3,RG,0,0,
015206,Ykone,Lac 1,Ykone Lac 1,2025,2025-08-27,8,Visite,Iceburg,Directeur +3,RG,173,0,
015206,Ykone,Lac 1,Ykone Lac 1,2025,2025-08-27,8,Visite,Zee300,+2,RG,526,0,
015206,Ykone,Lac 1,Ykone Lac 1,2025,2025-08-27,8,Visite,Astree,+1,RG,22,0,
015212,Pharmacie Victoria,Lac 1,Pharmacie Victoria Lac 1,2025,2025-08-28,8,Visite,Aromair100,Entree,Fe 3,85,0,Diffuseur fermé par personnel Recup 1
015213,Artige,Lac 1,Artige Lac 1,2025,2025-08-28,8,Visite,Aromair100,Entree,cozy Metal,199,0,
015214,Kube,Lac 2,Kube Lac 2,2025,2025-08-28,8,Visite,N/A,N/A,RG,0,0,livraison 2 Bouteille 300 ML (V) RG + 2 Bouteille vide (S)
015215,Restaurant l'érable,Lac 2,Restaurant l'érable Lac 2,2025,2025-08-28,8,Visite,Zee300,Entree,with jamine,277,0,changement Frequence Diffusion 120-300
015217,Maitre Yassin younsi,Mutuell. ville,Maitre Yassin younsi Mutuell. ville,2025,2025-08-28,8,Livraison,Zee300,Entree,cologne,0,300,livraison Diffuseur Zee 300 Recup 1
015218,Glow Spa,Manzah 8,Glow Spa Manzah 8,2025,2025-08-28,8,Visite,Iceburg,RDC,Mélange,245,0,livraison diffuseur Iceberg + Bouteille (S) 245 ML Recup 1
015202,Maison Nasser,Jardin carthage,Maison Nasser Jardin carthage,2025,2025-08-27,8,Visite,Zee300,RDC,RG,0,300,Recup 2
015202,Maison Nasser,Jardin carthage,Maison Nasser Jardin carthage,2025,2025-08-27,8,Visite,Zee300,Sous sol,RG,0,300,
015208,Slim Optic,Lac 1,Slim Optic Lac 1,2025,2025-08-27,8,Visite,Iceburg,Entree,cologne,300,0,Récuperation Diffuseur Iceberg Noir BT Recup 1
015208,Slim Optic,Lac 1,Slim Optic Lac 1,2025,2025-08-27,8,Visite,Iceburg,au fond,cologne,300,0,
015208,Slim Optic,Lac 1,Slim Optic Lac 1,2025,2025-08-27,8,Visite,Iceburg,au milieu,cologne,300,0,
015973,Mon coin,Manzah 9,Mon coin Manzah 9,2025,2025-08-01,8,Visite,Aromair100,au fond,Fc 3,66,0,Nettoyage diffuseur - aucun problème détecté
015972,Lajmi,Manzah 5,Lajmi Manzah 5,2025,2025-08-01,8,Visite,Aromair100,Entrée,Ambre,117,0,Diffuseur Fermé Par Personnel
015970,City Desk,Soukra,City Desk Soursa,2025,2025-08-01,8,Livraison,Aromair100,Entree,Mélange,45,300,Récup Bouteille (S) de 45 ML
015969,Paly lighting,GP9,Paly lighting GP9,2025,2025-08-01,8,Visite,Astree,Entree,JB,183,0,Nettoyage Diff + colle + autocollant appliqué
015967,Little Asia,GP9,Little Asia GP9,2025,2025-08-01,8,Visite,Aromair100,Entree,Sakura,61,0,Nettoyage diffuseurs
015965,Golf,Marsa,Golf Marsa,2025,2025-08-01,8,Livraison,Aromair100,WC H,The vent,0,150,Bouteilles vides - Décalage horaire
015965,Golf,Marsa,Golf Marsa,2025,2025-08-01,8,Livraison,Aromair100,INC F,The vent,0,150,Récupération 2 bouteilles vides
015966,Pharmacie Naffousi,Marsa,Pharmacie Naffousi Marsa,2025,2025-08-01,8,Visite,Aromair100,Entrée,Fc 2,15,0,Nettoyage Diffuseur - Réglage horaire
015975,Restaurant Golf,Marsa,Restaurant Golf Marsa,2025,2025-08-02,8,Livraison,N/A,N/A,Thé vert,0,0,Livraison 4 Spray 250 ML
015977,Movenpick,Lac 1,Movenpick Lac 1,2025,2025-08-02,8,Livraison,Zee600,Recap Spa,PO,211,600,Support Diffuseur Zee n'est pas bien Fixé
015977,Movenpick,Lac 1,Movenpick Lac 1,2025,2025-08-02,8,Livraison,Astree,SPA couloir D,PO,0,150,Bouteilles vides
015977,Movenpick,Lac 1,Movenpick Lac 1,2025,2025-08-02,8,Livraison,Astree,SPA couloir G,PM,0,150,Récup 2 Bouteilles vides
015978,Padel,Soukra,Padel Soukra,2025,2025-08-02,8,Livraison,Aromair100,WC F,lin,20,300,Changement Emplacement diffuseur Zee 600
015978,Padel,Soukra,Padel Soukra,2025,2025-08-02,8,Livraison,Aromair100,WC H,lin,30,300,Livraison 2 Bouteilles + Récup 2 Vides
015978,Padel,Soukra,Padel Soukra,2025,2025-08-02,8,Livraison,Zee600,Entrée,FM,258,300,Nettoyage circuit diffusion
015976,Sky Bar,Gammarth,Sky Bar Gammarth,2025,2025-08-02,8,Visite,Aromair100,Entrée,FO,133,0,Nettoyage Diffuseur
015982,S.T.A.T Table Espace,Massa,S.T.A.T Table Espace Massa,2025,2025-08-04,8,Livraison,Astree,Entree,FC,22,300,Récup Bouteille (N) 22 ML - Débranché
015981,Barista's,Aouina,Barista's Aouina,2025,2025-08-04,8,Livraison,Aromair100,comptoir,café,20,150,Récuperation Bouteille de 20 ML
015985,Talgata,Massa,Talgata Massa,2025,2025-08-04,8,Livraison,N/A,N/A,RG+RW+Cologne,0,0,Livraison des échantillons
015984,Dar Saied,Sidi Bousaid,Dar Saied Sidi Bousaid,2025,2025-08-04,8,Visite,Iceburg,Entree,Myrth,51,0,Nettoyage Diff + colle + autocollant appliqué
015987,Spectra,Lac 3,Spectra Lac 3,2025,2025-08-04,8,Livraison,Astree,RDC,F Thé,0,300,Bouteille Vide - Récup Bouteille (S) vide
015991,Vision Store,Manzah 4,Vision Store Manzah 4,2025,2025-08-04,8,Visite,Aromair100,Entrée,FO,133,0,Nettoyage
015983,Dar Zarrouk,Sidi Bousaid,Dar Zarrouk Sidi Bousaid,2025,2025-08-04,8,Livraison,Aromair100,Salle 1,JB,0,300,Récuperation 2 Bouteilles (S) Vide
015983,Dar Zarrouk,Sidi Bousaid,Dar Zarrouk Sidi Bousaid,2025,2025-08-04,8,Livraison,Aromair100,Salle 2,JB,64,300,Livraison 2 Bouteilles (S) 300 ML
015988,Table Espace,Lac 1,Table Espace Lac 1,2025,2025-08-04,8,Livraison,Astree,Entree,F.thé,0,300,Bouteille vide - Récup Bouteille (S) vide
015992,Zaia,Soukra,Zaia Soukra,2025,2025-08-04,8,Visite,Astree,Entree,FO,69,0,Nettoyage - Tuyau à l'exterieur
015994,Toyota,GP9,Toyota GP9,2025,2025-08-05,8,Visite,Zee300,Entree,FM,0,300,Nettoyage circuit diffusion - Récup Bouteille (V) vide
015995,Maison,Sidi Bousaid,Maison Sidi Bousaid,2025,2025-08-05,8,Visite,Tour,RDC,FM,53,300,Nettoyage circuit Diffusion pour 3 diffuseurs
015995,Maison,Sidi Bousaid,Maison Sidi Bousaid,2025,2025-08-05,8,Visite,Zee300,+1,JN,68,300,
015995,Maison,Sidi Bousaid,Maison Sidi Bousaid,2025,2025-08-05,8,Visite,Zee300,-1,JN,79,300,
015990,Tiffany,Manzah 5,Tiffany Manzah 5,2025,2025-08-04,8,Livraison,Aomair50,Boutique Homme,FC,0,300,Bouteille perimée - Récuperation 2 Bouteilles (S) Vide
015990,Tiffany,Manzah 5,Tiffany Manzah 5,2025,2025-08-04,8,Livraison,Astree,Boutique Femme,F.thé,0,300,
015998,Carlton,Tunis,Carlton Tunis,2025,2025-08-05,8,Visite,Aromair100,+3,Melange,226,0,Decalage - Réglage horaire
015997,Floralie,Lac 3,Floralie Lac 3,2025,2025-08-05,8,Livraison,Zee600,Entree,F.thé,0,600,Bouteille Vide - Récup Bouteille (V) Vide
015996,Seashell,Gammarth,Seashell Gammarth,2025,2025-08-05,8,Livraison,Zee300,Entree,agrume,300,300,Il n'y a pas source de courant
015996,Seashell,Gammarth,Seashell Gammarth,2025,2025-08-05,8,Livraison,Aromair150,WC F,agrume,300,300,Livraison 3 Bouteille (V) 300 ML
015996,Seashell,Gammarth,Seashell Gammarth,2025,2025-08-05,8,Livraison,Aromair150,WC H,agrume,300,300,Récup 3 Bouteille (V) vide
015999,Forest,Tunis,Forest Tunis,2025,2025-08-05,8,Livraison,Aromair100,WC,Fe 3,0,300,Récup Bouteille (S) 87 ML - Changement Fréquence
015989,STMI,Cité Ghazela,STMI Cité Ghazela,2025,2025-08-04,8,Visite,Aromair100,B33 RDC,TH,41,300,changement Tête bouteille (S) B34+1
015989,STMI,Cité Ghazela,STMI Cité Ghazela,2025,2025-08-04,8,Visite,Aromair100,B33 +1,BM,0,300,
015989,STMI,Cité Ghazela,STMI Cité Ghazela,2025,2025-08-04,8,Visite,Aromair100,comptoir,Melange,173,300,Récup 2 Bouteilles Vides
015989,STMI,Cité Ghazela,STMI Cité Ghazela,2025,2025-08-04,8,Visite,Aromair100,B32 +1,FO,89,300,
015989,STMI,Cité Ghazela,STMI Cité Ghazela,2025,2025-08-04,8,Visite,Aromair100,B32 RDC,F.Hn,100,300,
015989,STMI,Cité Ghazela,STMI Cité Ghazela,2025,2025-08-04,8,Visite,Aromair100,B34 +1,RG,179,0,
015989,STMI,Cité Ghazela,STMI Cité Ghazela,2025,2025-08-04,8,Visite,Aromair100,B34 RDC,agrume,37,0,
016000,716,Manzah 6,716 Manzah 6,2025,2025-08-05,8,Visite,Zee600,Entree 1,RU,411,0,Nettoyage les diffuseurs
016000,716,Manzah 6,716 Manzah 6,2025,2025-08-05,8,Visite,Zee600,Entree 2,RU,229,0,
016000,716,Manzah 6,716 Manzah 6,2025,2025-08-05,8,Visite,Zee600,Entree 3,RU,213,0,
016000,716,Manzah 6,716 Manzah 6,2025,2025-08-05,8,Visite,Aromair150,lustre,RU,360,0,
016000,716,Manzah 6,716 Manzah 6,2025,2025-08-05,8,Visite,Aromair100,WC H,Fig,0,0,2 Bouteille (S) WC H+F Vide
016000,716,Manzah 6,716 Manzah 6,2025,2025-08-05,8,Visite,Aromair100,WC F,Fig,0,0,
016012,KORT,Soukra,KORT Soukra,2025,2025-08-06,8,Visite,Aromair100,Entree,Fe 9,177,0,
016013,La Joie,Palmarium,La Joie Palmarium,2025,2025-08-06,8,Visite,Astree,Entree,RG,166,0,Tête bouché - Débouchage Tête bouteille (D)
016005,Innov 8,Cité ghezela,Innov 8 Cité ghezela,2025,2025-08-06,8,Visite,Zee300,RDC,JN,179,0,Décalage horaire Diff salle Réun Iceberg
016005,Innov 8,Cité ghezela,Innov 8 Cité ghezela,2025,2025-08-06,8,Visite,Zee300,+1,JN,216,0,
016005,Innov 8,Cité ghezela,Innov 8 Cité ghezela,2025,2025-08-06,8,Visite,Zee300,-1,JN,200,0,Nettoyage diffuseurs
016005,Innov 8,Cité ghezela,Innov 8 Cité ghezela,2025,2025-08-06,8,Visite,Iceburg,salle Réunion,Coco Vanill.,238,0,
016010,Kert,Massa,Kert Massa,2025,2025-08-06,8,Visite,Iceburg,au fond,Fe 9,244,0,Nettoyage diffuseurs
016021,Tony Nass,GP9,Tony Nass GP9,2025,2025-08-11,8,Visite,Aromair100,Entree,Fe 2,136,0,
016018,Palma,Soukra,Palma Soukra,2025,2025-08-11,8,Visite,Astree,RDC,Oud boisé,109,0,Nettoyage diffuseurs
016018,Palma,Soukra,Palma Soukra,2025,2025-08-11,8,Visite,Astree,+1,Oud boisé,93,0,
016017,AF Collection,Soukra,AF Collection Soukra,2025,2025-08-11,8,Livraison,Astree,+1,RG,0,300,Récuperation Bouteille (S) Vide - Nettoyage
016016,Future Generation,Aouina,Future Generation Aouina,2025,2025-08-11,8,Livraison,Aromair100,Entree,Fe 3,0,150,changement plage horaire pour 2 diff
016016,Future Generation,Aouina,Future Generation Aouina,2025,2025-08-11,8,Livraison,Aromair100,au fond,Fc 3,84,150,Livraison 2 Bouteille (S) 150 ML + Récup (S) Vide
016014,La joie,Charles de Gaulle,La joie Charles de Gaulle,2025,2025-08-06,8,Visite,Astree,au fond,AG,203,0,Diffusion faible tête bouché + Diffuseur Fermé
016015,La joie,Rue d'Allemagne,La joie Rue d'Allemagne,2025,2025-08-06,8,Visite,Astree,Entree,RG,243,0,Diffuseur fermé par personne Nettoyage diff
016011,Table Espace,Massa,Table Espace Massa,2025,2025-08-06,8,Visite,Astree,Entree,Thé Vert,300,0,Tête Bouché - changement Tête bouteille (0)
016009,CiPalin,Jardin de carthage,CiPalin Jardin de carthage,2025,2025-08-06,8,Visite,Astree,Entree,E. Thé,99,0,Nettoyage + colle + autocollant
016008,ARThephage,Lac 1,ARThephage Lac 1,2025,2025-08-06,8,Visite,Aromair100,Entree,lin,133,0,client demandes des echantillons
016006,STMI,Cité Ghazela,STMI Cité Ghazela,2025,2025-08-06,8,Visite,N/A,N/A,N/A,0,0,Récuperation Diffuseur AR100 AFF + support pour Réparation
016004,Ceram,Mnihla,Ceram Mnihla,2025,2025-08-06,8,Livraison,Zee300,au fond,TH,354,600,Récuperation Bouteille (V) Vide
016003,Galata,Hannah 9,Galata Hannah 9,2025,2025-08-06,8,Visite,Astree,Entree D,Coco,227,0,Tête bouché Bouteille diffuseur - Nettoyage
016003,Galata,Hannah 9,Galata Hannah 9,2025,2025-08-06,8,Visite,Astree,Entree G,Coco,185,300,Livraison Bouteille (S) 300 ML + Récuperation (S) 185 ML
016002,716,Manzah 6,716 Manzah 6,2025,2025-08-06,8,Livraison,Aromair100,WC H,Fig,0,300,2 Bouteille (S) WC H + F Vide
016002,716,Manzah 6,716 Manzah 6,2025,2025-08-06,8,Livraison,Aromair100,WC F,Fig,0,300,
016026,Make up For Ever,Ennasr,Make up For Ever Ennasr,2025,2025-08-12,8,Visite,Iceburg,Entree,Mélange,206,0,Livraison des echantillons FC + Cologne
016023,Radisson blu,Tunis,Radisson blu Tunis,2025,2025-08-12,8,Livraison,Zee300,+13,RU,364,140,Recuperation Diffuseur Tour Gris
016022,centre Masam,Ezzahra,centre Masam Ezzahra,2025,2025-08-11,8,Visite,Aromair100,Entree,white jas,15,0,Bouteilles Vide
016022,centre Masam,Ezzahra,centre Masam Ezzahra,2025,2025-08-11,8,Visite,Aromair100,Hamem,white jas,29,0,
016022,centre Masam,Ezzahra,centre Masam Ezzahra,2025,2025-08-11,8,Visite,Aromair100,+3 D,white jas,0,0,
016022,centre Masam,Ezzahra,centre Masam Ezzahra,2025,2025-08-11,8,Visite,Aromair100,+3 G,white jas,0,0,
016022,centre Masam,Ezzahra,centre Masam Ezzahra,2025,2025-08-11,8,Visite,Aromair100,+4,with jasmin,0,0,
016025,Machemi 5 étoile,cebelet ben ammar,Machemi 5 étoile cebelet ben ammar,2025,2025-08-12,8,Livraison,Zee300,Entree Parking,Mélange,0,500,Nettoyage diffuseurs
016025,Machemi 5 étoile,cebelet ben ammar,Machemi 5 étoile cebelet ben ammar,2025,2025-08-12,8,Livraison,Zee300,Entree Principal,Mélange,0,500,Livraison 4 Bouteille (V) 500 ML + Récuperation
016025,Machemi 5 étoile,cebelet ben ammar,Machemi 5 étoile cebelet ben ammar,2025,2025-08-12,8,Livraison,Zee300,+1 Sud,Mélange,0,500,
016025,Machemi 5 étoile,cebelet ben ammar,Machemi 5 étoile cebelet ben ammar,2025,2025-08-12,8,Livraison,Zee300,+1 Nord,Mélange,0,500,
016024,Machemi 5 étoile,Borj Twil,Machemi 5 étoile Borj Twil,2025,2025-08-12,8,Livraison,Zee300,Entree,Mélange,0,500,2 Bouteille vecte - Livraison 2 Bouteille (V) 500 ML
016024,Machemi 5 étoile,Borj Twil,Machemi 5 étoile Borj Twil,2025,2025-08-12,8,Livraison,Zee300,au fond,Mélange,0,500,Récupération 2 Bouteille (V) vide
016028,Ridetti,Soukra,Ridetti Soukra,2025,2025-08-12,8,Visite,Astree,Entree,Fe 2,60,0,Nettoyage diffuseurs + Tuyau à l'exterieur
016037,centre Maram,Ezzahra,centre Maram Ezzahra,2025,2025-08-13,8,Livraison,N/A,N/A,N/A,0,0,Livraison Des echantillons lin + Fleur blanche
016034,Villa Misk,Sidi Bousaid,Villa Misk Sidi Bousaid,2025,2025-08-13,8,Visite,Astree,Entree,Melange,178,0,Nettoyage Diffuseur + Tuyau à l'exterieur
016033,Golf,Massa,Golf Massa,2025,2025-08-13,8,Visite,N/A,N/A,N/A,0,0,changement Pile carte BT pour diffuseur AR 600
016032,centre Boulbaba,Riadh Andalous,centre Boulbaba Riadh Andalous,2025,2025-08-13,8,Visite,Zee300,Entree,RG,0,0,MR. Sofiene Reclame que le parfum disparait
016032,centre Boulbaba,Riadh Andalous,centre Boulbaba Riadh Andalous,2025,2025-08-13,8,Visite,Aromair150,Hamem,JB,147,0,
016032,centre Boulbaba,Riadh Andalous,centre Boulbaba Riadh Andalous,2025,2025-08-13,8,Visite,Zee300,+1,RG,77,0,
016032,centre Boulbaba,Riadh Andalous,centre Boulbaba Riadh Andalous,2025,2025-08-13,8,Visite,Zee300,RDC,RG,0,0,
016038,café le Parisien,Boumhal,café le Parisien Boumhal,2025,2025-08-13,8,Visite,Zee Smart,Entree,N/A,0,0,Bouteille Vide - Livraison des échantillons Fe 3 + Désir Dubai + Fig + lin
016062,Mme Faiza,Lac 1,Mme Faiza Lac 1,2025,2025-08-16,8,Visite,Astree,Entree,FC,97,0,Nettoyage Diffuseurs + Tuyau à l'exterieur
016062,Mme Faiza,Lac 1,Mme Faiza Lac 1,2025,2025-08-16,8,Visite,Astree,au fond,FC,209,0,
015202,Maison Nasser,Jardin carthage,Maison Nasser Jardin carthage,2025,2025-08-27,8,Livraison,Zee300,RDC,RG,0,300,2 Bouteilles Vides + 2 Bouteilles (V) 300 ML
015202,Maison Nasser,Jardin carthage,Maison Nasser Jardin carthage,2025,2025-08-27,8,Livraison,Zee300,Sous sol,RG,0,300,
015208,Slim Optic,Lac 1,Slim Optic Lac 1,2025,2025-08-27,8,Visite,Iceburg,Entree,cologne,300,0,Récuperation Diffuseurs Iceberg Noir BT + 2 Bouteille (S) 300 ml
015208,Slim Optic,Lac 1,Slim Optic Lac 1,2025,2025-08-27,8,Visite,Iceburg,au fond,cologne,300,0,
015208,Slim Optic,Lac 1,Slim Optic Lac 1,2025,2025-08-27,8,Visite,Iceburg,au milieu,cologne,300,0,
016035,Rids,Lac 1,Rids Lac 1,2025,2025-08-13,8,Visite,Centrale/CTA,AFF,N/A,-,0,central 2: carte AFF ne fonctionne pas - Recuperation 2 Bouteille Perimé
016035,Rids,Lac 1,Rids Lac 1,2025,2025-08-13,8,Visite,Centrale/CTA,AFF,N/A,-,0,
016086,Novotel,lac 2,Novotel lac 2,2025,2025-08-20,8,Visite,Astree,Spa,MAR,59,0,Fuite Tête Bouteille Diff spa + 1 + Bouteille vide diff +1
016086,Novotel,lac 2,Novotel lac 2,2025,2025-08-20,8,Visite,Zee300,+1,N/A,0,0,changement Tête bouteille diff spa + livraison Bouteille (W) 300
016087,L GOLF,Massa,L GOLF Massa,2025,2025-08-20,8,Visite,N/A,N/A,N/A,0,0,Décalage horaire - Reglage horaire + changement Pile carte BT
016065,Finopti,charguia,Finopti charguia,2025,2025-08-18,8,Livraison,Aromair150,+3 Entree,RG,174,150,livraison 2 Bouteille (V) 150 ML + Récuperation 2 Bouteille (V) Vide
016065,Finopti,charguia,Finopti charguia,2025,2025-08-18,8,Livraison,Aromair150,+3 au fond,RG,149,150,
015749,Rochebabois,Soukra,Rochebabois Soukra,2025,2025-07-10,7,Visite,Aromair100,RDC,the vent,76,0,Diffuseur Fermé
015764,Ambiance d'autrefois,Soukra,Ambiance d'autrefois Soukra,2025,2025-07-11,7,Visite,Astree,Entree,Melange,76,0,Fuite d'air par coude - changement coude
015728,Century 21,Soukra,Century 21 Soukra,2025,2025-07-09,7,Livraison,Iceburg,Entrée,Mélange,48,150,changement prog de 9-15 à 9-15 / 9-15
016063,Mme Dridi,Soukera,Mme Dridi Soukera,2025,2025-08-16,8,Livraison,N/A,Entrée,RG,0,300,Récup Bouteille (S) vide + Tuyau à l'exterieur
016082,Rantouni Bey,Sousse,Rantouni Bey Sousse,2025,2025-08-19,8,Livraison,Aromair150,WC F Piscine,Peace,83,600,livraison 4 Bouteille (V) de 1 litre + 1 Bouteille (V) de 300 ML Neroli
016082,Rantouni Bey,Sousse,Rantouni Bey Sousse,2025,2025-08-19,8,Livraison,Aromair150,WC H Piscine,Peace,71,300,
016082,Rantouni Bey,Sousse,Rantouni Bey Sousse,2025,2025-08-19,8,Livraison,Aromair150,WC H Plage,Peace,137,0,
016082,Rantouni Bey,Sousse,Rantouni Bey Sousse,2025,2025-08-19,8,Livraison,Aromair150,WC F Plage,Peace,113,0,
016082,Rantouni Bey,Sousse,Rantouni Bey Sousse,2025,2025-08-19,8,Visite,Zee600,SPA,Neroli,0,300,Débranché - Récuperation Bouteilles (V) vides
016087,L GOLF,Massa,L GOLF Massa,2025,2025-08-20,8,Visite,N/A,N/A,N/A,0,0,Décalage horaire - Reglage horaire + changement Pile carte BT
016092,AVS,Tunis,AVS Tunis,2025,2025-08-21,8,Visite,Iceburg,Entree,M.J,199,0,Bouton off - Nettoyage Diffuseur
015881,Clevory,charguia,Clevory charguia,2025,2025-07-23,7,Visite,Aromair100,Entrée,FC,0,300,Bouteille Vide + Recuperation Bouteille Vide
015791,Labo Melki,centre urbain Nord,Labo Melki centre urbain Nord,2025,2025-07-15,7,Livraison,Aromair100,Entree,Peace,0,300,Bouteille Vide - déjà en stock + Récuperation bouteille (S) vide
015794,Clisli,Soukra,Clisli Soukra,2025,2025-07-15,7,Livraison,Astree,Entrée,Agrume,0,300,Bouteille Vide - Recuperation Bouteille (S) vide
015793,DR Hamdi,Gammarth,DR Hamdi Gammarth,2025,2025-07-15,7,Visite,Astree,salon,T.H,263,0,Tête Bouteille Bouché - changement Tête Bouteille
015900,Siceram,Soukra,Siceram Soukra,2025,2025-07-25,7,Visite,Astree,Entree,TB,139,0,le client est en Train de fermer le diffuseur
016091,Residence Khadija,Jardin de carthage,Residence Khadija Jardin de carthage,2025,2025-08-20,8,Visite,Iceburg,Entree,FC,0,0,Problème de carte wifi
016083,Barista's,Aouina,Barista's Aouina,2025,2025-08-20,8,Livraison,Centrale/CTA,comptoir,café,25,150,Bouton off - Récuperation Bouteille (S) 25 ML
016066,Labo Melki,centre Urbain Nord,Labo Melki centre Urbain Nord,2025,2025-08-18,8,Livraison,Aromair100,Entree,Peace,111,300,Paiement chèque ancienne Facture
016079,Obioskin,Manzah 4,Obioskin Manzah 4,2025,2025-08-19,8,Visite,Astree,Entree,Fe 3,9,0,changement Plage horaire de 10-12 / 13-14 - Débouchage + élimination Silencieux
016089,Renault,charguia,Renault charguia,2025,2025-08-20,8,Visite,Astree,Admin,RG,0,300,Nettoyage + Tuyau à l'exterieur du diffuseurs
016084,Central Tunisie,Lac 1,Central Tunisie Lac 1,2025,2025-08-20,8,Livraison,Astree,Entree,Melange,80,150,Tête bouteille Diff Entree Bouché - Livraison 2 Bouteilles (S) 150 ML
016084,Central Tunisie,Lac 1,Central Tunisie Lac 1,2025,2025-08-20,8,Livraison,Astree,au fond,Melange,59,150,Récup 2 Bouteilles (S)
016080,Seraf,Enfidha,Seraf Enfidha,2025,2025-08-14,8,Livraison,N/A,N/A,N/A,0,0,Livraison 2 Diffuseurs Astree Noir BT - Nous informon client que le parfum est perime.
016088,Died Acouj,Ain Zaghouen Nord,Died Acouj Ain Zaghouen Nord,2025,2025-08-20,8,Livraison,Zee300,Salon,TH,0,300,Recuperation Bouteille (V) vide
016081,Diar Andalous,Sousse,Diar Andalous Sousse,2025,2025-08-19,8,Livraison,N/A,Stack,lin,0,7000,Livraison 7 Bouteille (V) de 1 Litre + Diffuseur
016085,Pharmacie Sadri,Lac 2,Pharmacie Sadri Lac 2,2025,2025-08-21,8,Livraison,Zee,Entree,RG,106,300,Recuperation Bouteille (V) vide
016020,Geox,Manzah 8,Geox Manzah 8,2025,2025-08-11,8,Livraison,Aromair100,Entree,Fe 3,78,300,Livraison Bouteille (S) 300 ML + Récuperation Bouteille 78 ML
016084,Central Tunisie,Lac 1,Central Tunisie Lac 1,2025,2025-08-20,8,Livraison,Astree,Entree,Melange,80,150,Tête bouteille Diff Entree Bouché
016084,Central Tunisie,Lac 1,Central Tunisie Lac 1,2025,2025-08-20,8,Livraison,Astree,au fond,Melange,59,150,
015903,café kbaiel?,Ennaser,café kbaiel? Ennaser,2025,2025-07-22,7,Visite,Aromair150,Entree D,RU,300,0,changement d'emplacement des diffuseurs
015903,café kbaiel?,Ennaser,café kbaiel? Ennaser,2025,2025-07-22,7,Visite,Aromair150,Entree G,RU,300,0,
015955,Boumiza Square,Sousse,Boumiza Square Sousse,2025,2025-07-30,7,Visite,Zee600,RDC,Tabaco Vanill,0,0,2 Bouteille Vide - Diff WC Necessite de changement pile
015955,Boumiza Square,Sousse,Boumiza Square Sousse,2025,2025-07-30,7,Visite,Zee600,+1,N/A,229,0,
015955,Boumiza Square,Sousse,Boumiza Square Sousse,2025,2025-07-30,7,Visite,Aromair100,+1 WC,N/A,0,0,
016137,Rids,Lac 2,Rids Lac 2,2025,2025-08-26,8,Livraison,Centrale/CTA,Bouteill. salon,FM,300,300,installation 2 Bouteille (s) 300 ML pour diffuseur central
016137,Rids,Lac 2,Rids Lac 2,2025,2025-08-26,8,Livraison,Centrale/CTA,Bouteill. wc,F.the,300,300,
016044,café LAZ,Ennaser,café LAZ Ennaser,2025,2025-08-14,8,Visite,Aromair150,Entree G,The vent,158,0,
016044,café LAZ,Ennaser,café LAZ Ennaser,2025,2025-08-14,8,Visite,Aromair150,Entree D,The vent,168,0,
015953,centre Maliba,Sousse,centre Maliba Sousse,2025,2025-07-30,7,Visite,Astree,+2,RG,243,0,Bouteille (S) Vide - Tuyau à l'exterieur
015953,centre Maliba,Sousse,centre Maliba Sousse,2025,2025-07-30,7,Visite,Astree,+1,RG,0,0,
015913,Manar City,Manar City,Manar City Manar City,2025,2025-07-23,7,Visite,N/A,N/A,N/A,0,0,Livraison des échantillons Cologne + oud boisé + F.C
015837,Bureau d'Architecte,centre Tanit,Bureau d'Architecte centre Tanit,2025,2025-07-21,7,Visite,N/A,N/A,N/A,0,0,Livraison des échantillons RG + Ambre de lumière
015843,Table Espace,Lac 1,Table Espace Lac 1,2025,2025-07-22,7,Visite,Astree,Entree,F. the,10,0,Bouton off - Bouteille Vide + client demande des échantillons
016090,Centre Emma Fakhfakh,Jardin de carthage,Centre Emma Fakhfakh Jardin de carthage,2025,2025-08-20,8,Visite,Astree,Entree,Fe 9,55,0,Nettoyage Diffuseurs
016090,Centre Emma Fakhfakh,Jardin de carthage,Centre Emma Fakhfakh Jardin de carthage,2025,2025-08-20,8,Visite,AR 300,+1,V,0,0,
016124,Geliamo,Massa,Geliamo Massa,2025,2025-08-23,8,Livraison,Aromair150,Entree,FO,0,300,Récuperation Bouteille vide - Livraison Diffuseur AR150
016091,la Turquoise,centre Urbain Nord,la Turquoise centre Urbain Nord,2025,2025-08-23,8,Livraison,Zee300,Entree,FM,0,300,Bouteille (V) vide - Livraison Bouteille (V) 300 ML
015952,Ambiance d'autrefois,Soukra,Ambiance d'autrefois Soukra,2025,2025-07-30,7,Visite,Astree,Entree,Mélange,37,300,Livraison Bouteille (S) 300 ML + Récup Bouteille (S) vide
015918,JC,Manzah 5,JC Manzah 5,2025,2025-07-23,7,Visite,Astree,au fond,F.the,61,300,Livraison Bouteille (S) 61 ML + colle autocollant Appliqué
015927,Le sportif,Soukra,Le sportif Soukra,2025,2025-07-24,7,Visite,Aromair100,Entree,Melange,300,300,changement de parfum Mélange par P.O
015957,Docteur Salsabil,Soukra,Docteur Salsabil Soukra,2025,2025-07-31,7,Visite,Astree,Entree,FM,300,300,Livraison Diffuseur Astree + Bouteille (S) 300 ML
015917,Café Numa (FDL),Manzah 8,Café Numa (FDL) Manzah 8,2025,2025-07-23,7,Visite,Zee300,Entree,RG,0,300,changement programme 2 Diff P.H: 8-12/19-23
015917,Café Numa (FDL),Manzah 8,Café Numa (FDL) Manzah 8,2025,2025-07-23,7,Visite,Zee300,WC,RG,0,300,
015905,Mme Leveque,Gammarth,Mme Leveque Gammarth,2025,2025-07-23,7,Visite,Astree,Entree,TH,0,300,Bouteille Vide - Récuperation Bouteille (S) vide
015912,Para Pharmacie Geriga,Bardo,Para Pharmacie Geriga Bardo,2025,2025-07-23,7,Visite,Aromair100,au fond,Fe 9,10,300,Bouteille Vide + Décalage horaire
016134,716,Manzah 6,716 Manzah 6,2025,2025-08-26,8,Visite,Zee600,Entree 1,RU,320,900,Problème Prise courant Diff Entree 1
016134,716,Manzah 6,716 Manzah 6,2025,2025-08-26,8,Visite,Zee600,Entree 2,RU,0,900,Recuperation 3 Bouteille (V) Vide
016134,716,Manzah 6,716 Manzah 6,2025,2025-08-26,8,Visite,Zee600,Entree 3,RU,0,900,Nettoyage circuit de diffusion
016134,716,Manzah 6,716 Manzah 6,2025,2025-08-26,8,Visite,Aromair500,lustre,RU,277,500,
016130,Barista's,Jardin de carthage,Barista's Jardin de carthage,2025,2025-08-26,8,Visite,Aromair100,WC,Peace,112,0,changement Prog - Plage horaire 8:30 - 20:30
016129,Game Production,GP9,Game Production GP9,2025,2025-08-26,8,Livraison,Centrale/CTA,+1,PO,0,300,Bouteille Vide - Livraison Bouteille (V) 300 ML
015819,Audi,La Goulette,Audi La Goulette,2025,2025-07-18,7,Visite,Zee300,Entrée,N/A,240,0,Débranches
015819,Audi,La Goulette,Audi La Goulette,2025,2025-07-18,7,Visite,Zee300,au fond,N/A,247,0,
015208,Slim Optic,Lac 1,Slim Optic Lac 1,2025,2025-08-27,8,Visite,Iceburg,Entree,cologne,300,0,Récuperation 3 Diffuseurs Iceberg Noir BT
015208,Slim Optic,Lac 1,Slim Optic Lac 1,2025,2025-08-27,8,Visite,Iceburg,au fond,cologne,300,0,Livraison 3 Nouvelles recharge Bouteille (S) 300 ML
015208,Slim Optic,Lac 1,Slim Optic Lac 1,2025,2025-08-27,8,Visite,Iceburg,au milieu,cologne,300,0,
015674,Geox,GP9 Millenium,Geox GP9 Millenium,2025,2025-10-31,10,Livraison,Aromair100,Entrée,F.Thé,15,300,le client demande des echantillons pour changer le parfum
015673,Geliamo,la Marsa,Geliamo la Marsa,2025,2025-10-31,10,Livraison,Aromair150,Entrée,Mel,25,0,Diffuseur en bon état
015667,Table Espace,Lac 1,Table Espace Lac 1,2025,2025-10-31,10,Visite,Astree,Entree,N/A,105,0,Entretien courant
015668,ooredoo dsc,Charguia 1,ooredoo dsc Charguia 1,2025,2025-10-31,10,Livraison,Zee300,RDC,FM,10,300,On a changer le tuyau de pression d'air de diff +1
015668,ooredoo dsc,Charguia 1,ooredoo dsc Charguia 1,2025,2025-10-31,10,Visite,Centrale/CTA,+1 Ascenseur,Fe2,267,0,Changement bouteille 92ml sur diff +2
015668,ooredoo dsc,Charguia 1,ooredoo dsc Charguia 1,2025,2025-10-31,10,Visite,Centrale/CTA,+1 Escalier,Fe2,10,0,Fuite d'air au niveau de diff +2
015668,ooredoo dsc,Charguia 1,ooredoo dsc Charguia 1,2025,2025-10-31,10,Visite,Centrale/CTA,+2 Ascenseur,T.B,0,0,Réparation effectuée
015668,ooredoo dsc,Charguia 1,ooredoo dsc Charguia 1,2025,2025-10-31,10,Visite,Centrale/CTA,+2 Escalier,T.B,92,0,
015669,Convergen,Lac 3,Convergen Lac 3,2025,2025-10-31,10,Livraison,Zee300,Entree,RG,224,300,Débrancher
015670,Cipolin,Jardin de Carthage,Cipolin Jardin de Carthage,2025,2025-10-31,10,Visite,Astree,Entree,T.H,83,0,Nettoyage effectué
015671,Little Asia,GP9,Little Asia GP9,2025,2025-10-31,10,Livraison,Aromair100,Entree,Sakura,0,300,
015658,Radisson Blu,SFAX,Radisson Blu SFAX,2025,2025-10-29,10,Visite,Zephyr,Reception,F.O,241,0,Recuperation Diff Astree sans chapeau
015659,Districars,SFAX,Districars SFAX,2025,2025-10-29,10,Livraison,Astree,au fond,cologne,0,300,livraison des echantillons
015675,Maison Mme Dridi,Soukra,Maison Mme Dridi Soukra,2025,2025-10-31,10,Livraison,Astree,Salon,RG,0,300,Recharge effectuée
015735,Spectra,Lac 3,Spectra Lac 3,2025,2025-10-27,10,Visite,Iceburg,-1,F.Thé,173,0,Nettoyage diffuseur
015738,ID Partenaire,Melinium GP9,ID Partenaire Melinium GP9,2025,2025-10-27,10,Livraison,N/A,N/A,N/A,0,0,Livraison des echantillons - Recuperation Diff Iceberg
015714,Kantaoui Bey,Sousse,Kantaoui Bey Sousse,2025,2025-10-23,10,Réparation,Zee600,Spa,Neroli,0,0,Changement programme diffuseur SPA demande MR Hamdi
015726,Table Espace,GP9,Table Espace GP9,2025,2025-10-25,10,Livraison,Astree,Entree,Thé V,0,200,Recuperation 212 ml T.V.A
015718,Slim Optic,Lac 1,Slim Optic Lac 1,2025,2025-10-24,10,Visite,Iceburg,Entree,cologne,55,0,Parfum pas assez fort - changement parfum vers senteur intense
015718,Slim Optic,Lac 1,Slim Optic Lac 1,2025,2025-10-24,10,Visite,Iceburg,au fond,cologne,61,0,
015718,Slim Optic,Lac 1,Slim Optic Lac 1,2025,2025-10-24,10,Visite,Iceburg,au Milieu,cologne,66,0,
015718,Slim Optic,Lac 1,Slim Optic Lac 1,2025,2025-10-24,10,Visite,Iceburg,VIP,cologne,33,0,
015721,Maitre Bilel Tazni,City Olympique,Maitre Bilel Tazni City Olympique,2025,2025-10-24,10,Livraison,Aromair150,Entrée,RG,300,300,Installation Diff (AR150)
015722,Pharmacie Mariem Khemiri,Fouchana,Pharmacie Mariem Khemiri Fouchana,2025,2025-10-24,10,Livraison,Aromair150,Entrée,F.thé,300,300,Paiement en espèce
015651,Dar Saied,Sidi Bousaid,Dar Saied Sidi Bousaid,2025,2025-10-28,10,Livraison,AR300,WC,Myrth,165,435,Changement plage horaire
015730,Artige,Lac 1,Artige Lac 1,2025,2025-10-25,10,Livraison,Aromair100,Entree,Fc 3,120,180,Recharge effectuée
015739,Avocat,Cité Olympique,Avocat Cité Olympique,2025,2025-10-27,10,Echange,Aromair150,Entree,RG,280,300,Nettoyage circuit diffusion
015652,Polyforme,Soukra,Polyforme Soukra,2025,2025-10-28,10,Livraison,Aromair100,Entrée G,Mel,0,300,Nettoyage effectué
015737,Saveurs de Carthage,Jardin de Carthage,Saveurs de Carthage Jardin de Carthage,2025,2025-10-27,10,Echange,Aromair100,Entree,Melange,150,300,Recuperation Bouteille (S) de 150 ml
015731,BeBabel,Massa,BeBabel Massa,2025,2025-10-25,10,Livraison,Zee300,Caisse,T.Show,900,900,Livraison Diff (Zee 300)
015711,Ambiance d'autre fois,Sousse,Ambiance d'autre fois Sousse,2025,2025-10-23,10,Visite,Astree,Entree,Melange,259,0,Nettoyage diffuseur
015727,Novotel,Lac 2,Novotel Lac 2,2025,2025-10-25,10,Livraison,Tour,Reception,FM,108,300,
015717,Mall of Sousse,Sousse,Mall of Sousse Sousse,2025,2025-10-23,10,Livraison,N/A,N/A,N/A,0,0,livraison des echantillons pour Mr Wahid
015712,Porsche,La goulette,Porsche La goulette,2025,2025-10-22,10,Livraison,Zee300,Entrée,RG,0,300,Recharge effectuée
015728,Clinique Elyssa,Lac 1,Clinique Elyssa Lac 1,2025,2025-10-25,10,Livraison,Zee600,Entrée,FM,0,300,Recuperation Bouteille Vide
015733,RIPS,Lac 2,RIPS Lac 2,2025,2025-10-27,10,Visite,Centrale/CTA,S.WC,F.thé,0,0,Commande confirmée pour 2 bouteilles 300ml
015733,RIPS,Lac 2,RIPS Lac 2,2025,2025-10-27,10,Visite,Centrale/CTA,S.salon,FM,0,0,
015725,Villa Didon,Carthage,Villa Didon Carthage,2025,2025-10-25,10,Visite,N/A,N/A,N/A,0,0,changement l'emplacement de diff (Zee 600)
015734,Floralie,Lac 3,Floralie Lac 3,2025,2025-10-27,10,Livraison,Zee600,Entree,F.thé,0,600,Recharge effectuée
015800,Equipement Concept,Soukra,Equipement Concept Soukra,2025,2025-10-21,10,Visite,Astree,RDC,Rose d'or,264,0,Tête bouteille RDC bouché - commande confirmée
015800,Equipement Concept,Soukra,Equipement Concept Soukra,2025,2025-10-21,10,Visite,Astree,+1,Rose d'or,0,0,
015788,Baristas,Lac 1,Baristas Lac 1,2025,2025-10-20,10,Livraison,Aromair100,WC,Cosmos,0,300,Parfum peace livré
015736,Naism Jasser,Jardin de Carthage,Naism Jasser Jardin de Carthage,2025,2025-10-27,10,Livraison,Zee300,RDC,R.G,0,300,Recuperation 2 bouteilles vides
015736,Naism Jasser,Jardin de Carthage,Naism Jasser Jardin de Carthage,2025,2025-10-27,10,Livraison,Zee300,-1,R.G,0,300,
015742,Polyforme,Soukra,Polyforme Soukra,2025,2025-10-27,10,Visite,Zephyr,RDC,Mel,6,0,changement plage horaire diff (RDC)
015799,Lord,Soukra,Lord Soukra,2025,2025-10-21,10,Visite,Aromair100,Entree,RG,135,0,Fuite d'air diff au fond / changement tuyau de pompe
015799,Lord,Soukra,Lord Soukra,2025,2025-10-21,10,Visite,Aromair100,au fond,RG,0,0,Commande confirmée Bouteille 300ml RG
015794,716,Centre urbain Nord,716 Centre urbain Nord,2025,2025-10-21,10,Visite,Aromair150,WC,Fe 3,90,0,Contrôle diffuseur
015790,Mokni,Megrine,Mokni Megrine,2025,2025-10-20,10,Livraison,Iceburg,PDG,T.H,160,150,changement Tête bouteille Diff (PDG)
015790,Mokni,Megrine,Mokni Megrine,2025,2025-10-20,10,Livraison,N/A,N/A,T.H,0,0,
015732,fl invest,Lac 2,fl invest Lac 2,2025,2025-10-27,10,Livraison,Astree,Entree,R.G,300,300,Installation Diff (Astree) + Changement prog Diff
015706,Villa Didon,Carthage,Villa Didon Carthage,2025,2025-10-22,10,Visite,N/A,N/A,N/A,0,0,Changement Fréquence diffusion
015779,Diamelle,Lac 1,Diamelle Lac 1,2025,2025-10-18,10,Visite,Aromair100,Entree,FC,225,0,Diffuseur en bon état
015793,Ceram Square,GP9,Ceram Square GP9,2025,2025-10-21,10,Livraison,Zee300,RDC,TH,230,70,
015793,Ceram Square,GP9,Ceram Square GP9,2025,2025-10-21,10,Visite,Astree,+1,TH,174,0,
015793,Ceram Square,GP9,Ceram Square GP9,2025,2025-10-21,10,Visite,Astree,+2,TH,210,0,
015778,Dar Saied,Sidi Bousaid,Dar Saied Sidi Bousaid,2025,2025-10-18,10,Visite,Iceburg,au fond,Myrth,3,300,Décalage horaire - Recuperation 1 bouteille
015701,Century 21,Soukra,Century 21 Soukra,2025,2025-10-22,10,Livraison,Iceburg,Entree,Melange,60,90,changement Tête bouteille (s)
015785,Pharmacie Sadri,Lac 2,Pharmacie Sadri Lac 2,2025,2025-10-20,10,Visite,Aromair100,+1,Fc 3,117,0,Bouton off
015792,Ceram Garden,GP9,Ceram Garden GP9,2025,2025-10-21,10,Livraison,Zee300,RDC,TH,260,40,Recuperation 2 bouteilles vides
015792,Ceram Garden,GP9,Ceram Garden GP9,2025,2025-10-21,10,Visite,Astree,+1,TH,188,0,
015792,Ceram Garden,GP9,Ceram Garden GP9,2025,2025-10-21,10,Visite,Astree,+2,TH,205,0,
015781,Edwards,Soukra,Edwards Soukra,2025,2025-10-18,10,Visite,N/A,N/A,N/A,0,0,"Recuperation diffuseur ""AR100"" en atelier pour réparation"
015708,Equipement Concept,Soukra,Equipement Concept Soukra,2025,2025-10-22,10,Réparation,N/A,N/A,N/A,0,0,Changement (tête bouteille) Diffuseur (RDC)
015743,La Jolie,Tunis,La Jolie Tunis,2025,2025-10-27,10,Livraison,N/A,N/A,N/A,0,0,Livraison des echantillons
015777,Barista's,Aouina,Barista's Aouina,2025,2025-10-18,10,Livraison,Centrale/CTA,comptoir,coffee,42,150,Récupération 1 bouteille
015784,Club NA,Gammarth,Club NA Gammarth,2025,2025-10-20,10,Livraison,Aromair100,WC H,Cosmos,200,100,changement tête bouteille pour 2 diff (WC) / change prog Diff
015784,Club NA,Gammarth,Club NA Gammarth,2025,2025-10-20,10,Livraison,Aromair100,WC F,Cosmos,82,220,Recuperation 3 bouteilles vides
015784,Club NA,Gammarth,Club NA Gammarth,2025,2025-10-20,10,Livraison,Zee300,comptoir,Agrume,0,300,
015783,Camomille,Soukra,Camomille Soukra,2025,2025-10-18,10,Visite,Iceburg,au fond,FC,80,0,Débrancher
015786,Nova Tel,Lac 2,Nova Tel Lac 2,2025,2025-10-20,10,Livraison,Zee300,+1,JB,125,300,Recuperation 1 bouteille
015786,Nova Tel,Lac 2,Nova Tel Lac 2,2025,2025-10-20,10,Visite,Astree,Spa,MAR,210,0,
015780,S Tran,Manzah 5,S Tran Manzah 5,2025,2025-10-18,10,Livraison,Aromair100,Entree,RG,7,150,Récuperation 1 bouteille
015773,Pharmacie Abbes,Tunis,Pharmacie Abbes Tunis,2025,2025-10-17,10,Visite,Astree,au fond,RG,162,0,Récuperation bouteille (s) 300ml RG Non livré
015771,VW SAV,charguia,VW SAV charguia,2025,2025-10-17,10,Visite,Aromair150,Entrée,Jasmin,142,0,
015789,Oishi,Soukra,Oishi Soukra,2025,2025-10-20,10,Visite,Astree,Entree,citron noir,81,0,Récuperation bouteille (s) 300 ML non livrée
015769,Renault,Charguia,Renault Charguia,2025,2025-10-17,10,Visite,Astree,Entree,RG,216,0,Bouton off
015769,Renault,Charguia,Renault Charguia,2025,2025-10-17,10,Visite,Astree,au fond,Rose d'or,193,0,
015672,BEBABEL,la Marsa,BEBABEL la Marsa,2025,2025-10-31,10,Visite,N/A,N/A,N/A,0,0,changement Fréq Diffusion vers 180 / 240
015661,Hall cf sousse,Sousse,Hall cf Sousse Sousse,2025,2025-10-30,10,Livraison,Zephyr,Entree Parking,RG,38,300,Recharge 7 bouteilles
015661,Hall cf sousse,Sousse,Hall cf Sousse Sousse,2025,2025-10-30,10,Livraison,Zephyr,Hall Beach,Fe3,255,300,
015661,Hall cf sousse,Sousse,Hall cf Sousse Sousse,2025,2025-10-30,10,Livraison,Zephyr,WC H Beach,Fe3,0,300,
015661,Hall cf sousse,Sousse,Hall cf Sousse Sousse,2025,2025-10-30,10,Livraison,Zephyr,WC F Beach,Fe3,69,300,
015661,Hall cf sousse,Sousse,Hall cf Sousse Sousse,2025,2025-10-30,10,Livraison,Zephyr,Hall low,Fe3,0,300,
015661,Hall cf sousse,Sousse,Hall cf Sousse Sousse,2025,2025-10-30,10,Livraison,Zephyr,WC F low,Fe3,0,300,
015661,Hall cf sousse,Sousse,Hall cf Sousse Sousse,2025,2025-10-30,10,Livraison,Zephyr,WC H low,Fe3,5,300,
015662,Mall of sousse,Sousse,Mall of Sousse Sousse,2025,2025-10-30,10,Livraison,Zephyr,Hall Moussque,Fc3,0,300,changement programme Diff moussque
015662,Mall of sousse,Sousse,Mall of Sousse Sousse,2025,2025-10-30,10,Livraison,Zephyr,WC H Moussque,Fc3,0,300,Récuperation 4 bouteilles
015662,Mall of sousse,Sousse,Mall of Sousse Sousse,2025,2025-10-30,10,Livraison,Zephyr,WC F Moussque,Fc3,0,300,
015662,Mall of sousse,Sousse,Mall of Sousse Sousse,2025,2025-10-30,10,Livraison,Aromair150,Moussque,agrume,59,300,
015662,Mall of sousse,Sousse,Mall of Sousse Sousse,2025,2025-10-30,10,Visite,Astree,admin,TH,162,0,
015663,Diar Andalous,Sousse,Diar Andalous Sousse,2025,2025-10-30,10,Visite,Aromair150,RDC,FM,300,0,installation diffuseur A150 + 300 ml FM - Récuperation 8 vides
015666,The city,Sousse,The city Sousse,2025,2025-10-30,10,Livraison,Zee300,au fond,TH,0,300,Paiement en especes 252.500
015665,Kantaoui Bey,Sousse,Kantaoui Bey Sousse,2025,2025-10-30,10,Livraison,Aromair150,WC F Piscine,PO,234,0,livraison 20 Bouteille 300ml Stock + 1 Bouteille 600ml
015665,Kantaoui Bey,Sousse,Kantaoui Bey Sousse,2025,2025-10-30,10,Livraison,Aromair150,WC H Piscine,PO,267,0,Récuperation 2 vides
015665,Kantaoui Bey,Sousse,Kantaoui Bey Sousse,2025,2025-10-30,10,Livraison,Aromair150,WC H Plage,PO,237,0,
015665,Kantaoui Bey,Sousse,Kantaoui Bey Sousse,2025,2025-10-30,10,Livraison,Aromair150,WC F Plage,PO,249,0,
015665,Kantaoui Bey,Sousse,Kantaoui Bey Sousse,2025,2025-10-30,10,Livraison,Centrale/CTA,Bouteille (1),PO,0,700,
015665,Kantaoui Bey,Sousse,Kantaoui Bey Sousse,2025,2025-10-30,10,Livraison,Centrale/CTA,Bouteille (2),PO,100,1000,
015665,Kantaoui Bey,Sousse,Kantaoui Bey Sousse,2025,2025-10-30,10,Livraison,Tous,Reception,PO,0,300,
015787,Central Tunisie,Lac 1,Central Tunisie Lac 1,2025,2025-10-20,10,Livraison,Astree,Entree,Mel,40,150,Changement plage horaire pour les 2 diff
015787,Central Tunisie,Lac 1,Central Tunisie Lac 1,2025,2025-10-20,10,Livraison,Astree,au fond,Mel,80,70,
015772,Noreesto Technique,charguia DT,Noreesto Technique charguia DT,2025,2025-10-17,10,Livraison,Zee300,RDC,FM,116,300,Changement Tête Bouteille diff AR100+1
015772,Noreesto Technique,charguia DT,Noreesto Technique charguia DT,2025,2025-10-17,10,Livraison,Centrale/CTA,A1,TB,0,300,Récuperation 5 vides
015772,Noreesto Technique,charguia DT,Noreesto Technique charguia DT,2025,2025-10-17,10,Livraison,Centrale/CTA,+2,TB,0,300,
015772,Noreesto Technique,charguia DT,Noreesto Technique charguia DT,2025,2025-10-17,10,Livraison,Aromair100,+2,TB,67,300,
015772,Noreesto Technique,charguia DT,Noreesto Technique charguia DT,2025,2025-10-17,10,Livraison,Aromair100,+1,Feg,155,145,
015774,Clinique Jasmin,Centre urbain Nord,Clinique Jasmin Centre urbain Nord,2025,2025-10-17,10,Livraison,Astree,Entree G,Peace,143,150,changement parfum Jasmin blanc pour les deux diffuseurs
015774,Clinique Jasmin,Centre urbain Nord,Clinique Jasmin Centre urbain Nord,2025,2025-10-17,10,Livraison,Astree,Entree D,infusion,236,150,Récuperation deux bouteille (s) vide
015862,Lérable,Lac 2,Lérable Lac 2,2025,2025-10-02,10,Livraison,Zee300,Entré,WJ,281,300,Recharge effectuée
015860,Ma cuisine,Soukra,Ma cuisine Soukra,2025,2025-10-02,10,Livraison,Astree,RDC,FO,0,300,Paiement en especes 432.500
015860,Ma cuisine,Soukra,Ma cuisine Soukra,2025,2025-10-02,10,Livraison,Astree,+1,FO,0,300,
015349,Le Golf,Massa,Le Golf Massa,2025,2025-10-01,10,Livraison,Aromair100,WC H,F.thé,0,150,Récupération 2 bouteilles vides
015349,Le Golf,Massa,Le Golf Massa,2025,2025-10-01,10,Livraison,Aromair100,WC F,F.thé,0,150,
015348,Boulbaba,Riadh Andalous,Boulbaba Riadh Andalous,2025,2025-10-01,10,Livraison,Zee300,Entree,FM,0,300,Récupération 3 vides
015348,Boulbaba,Riadh Andalous,Boulbaba Riadh Andalous,2025,2025-10-01,10,Livraison,Zee300,au fond,FM,0,300,
015348,Boulbaba,Riadh Andalous,Boulbaba Riadh Andalous,2025,2025-10-01,10,Livraison,Zee300,+1,FM,0,300,
015852,Business Hotel,Manzah 4,Business Hotel Manzah 4,2025,2025-10-01,10,Livraison,Zephyr,RDC,N/O,0,300,Recuperation 1 bouteille
015861,Siceram Plus,Soukra,Siceram Plus Soukra,2025,2025-10-02,10,Visite,Astree,Comptoir,T.B,48,0,Commande confirmée
015859,Indigo,Charguia 1,Indigo Charguia 1,2025,2025-10-02,10,Visite,Zee300,Recep,T.Vert,300,0,
015853,Radisson Blu,Tunis,Radisson Blu Tunis,2025,2025-10-01,10,Visite,N/A,N/A,N/A,0,0,Récuperation Diff Astree pour réparation
015856,Labo Abid,Ennasr,Labo Abid Ennasr,2025,2025-10-01,10,Livraison,Aromair150,Entree,Fc 3,300,300,Récupération 2 bouteilles vides
015856,Labo Abid,Ennasr,Labo Abid Ennasr,2025,2025-10-01,10,Livraison,Aromair150,au fond,Fe 3,300,0,
015855,Darty,Carrefour el Marsa,Darty Carrefour el Marsa,2025,2025-10-01,10,Livraison,Zee600,Entree G,R.V,900,900,Recharge effectuée
015854,City Desk,Soukra,City Desk Soukra,2025,2025-10-01,10,Livraison,Zephyr,Entree,Mélange,0,300,Recuperation 1 bouteille
015851,Love Yourself,Lac 2,Love Yourself Lac 2,2025,2025-10-01,10,Livraison,Aromair100,RDC,RV,0,300,Paiement en especes 432 dt
015851,Love Yourself,Lac 2,Love Yourself Lac 2,2025,2025-10-01,10,Livraison,Aromair100,+1,RV,0,300,Récupération 2 bouteilles vides
015336,Spectra,Lac 3,Spectra Lac 3,2025,2025-09-29,09,Livraison,Astree,+2/RDC,JT/RG/TU,673,300,Changement programme diff
015350,Century 21,Ain Zaghouen,Century 21 Ain Zaghouen,2025,2025-10-01,10,Livraison,Iceburg,Entrée,T.Vert,0,150,Diffuseur fait du bruit
